S&P 500 Index | Price History                                          17-Nov-2021 01:14,,,,,,,
,,,,,,,
,,,,,,,
.SPX,,,,,,,
Interval: Daily,,,,,,,
History Period: 16-Nov-2016 - 16-Nov-2021,,,,,,,
Currency Conversion: USD,,,,,,,
,,,,,,,
,,,,,,,
.SPX Statistics     Daily     16-Nov-2016 - 16-Nov-2021,,,,,,,
Price,,,Up/Down,,Price Change (Close-Close),,
High,"4,718.50",05-Nov-2021,Up,716,Up,+9.38%,24-Mar-2020
Low,"2,172.20",16-Nov-2016,Down,541,Down,-11.98%,16-Mar-2020
Avg,"3,060.78",,Unch,1,Period,+115.94%,16-Nov-2016 - 16-Nov-2021
,,,,,,,
,,,,,,,
.SPX History     Daily     16-Nov-2016 - 16-Nov-2021,,,,,,,
Exchange Date,Close,Net,%Chg,Open,Low,High,
16-Nov-2021,"4,700.90",+18.10,+0.39%,"4,679.42","4,679.42","4,714.95",
15-Nov-2021,"4,682.80",-0.05,-0.00%,"4,689.30","4,672.86","4,697.42",
12-Nov-2021,"4,682.85",+33.58,+0.72%,"4,655.24","4,650.77","4,688.47",
11-Nov-2021,"4,649.27",+2.56,+0.06%,"4,659.39","4,648.31","4,664.55",
10-Nov-2021,"4,646.71",-38.54,-0.82%,"4,670.26","4,630.86","4,684.85",
09-Nov-2021,"4,685.25",-16.45,-0.35%,"4,707.25","4,670.87","4,708.53",
08-Nov-2021,"4,701.70",+4.17,+0.09%,"4,701.48","4,694.39","4,714.92",
05-Nov-2021,"4,697.53",+17.47,+0.37%,"4,699.26","4,681.32","4,718.50",
04-Nov-2021,"4,680.06",+19.49,+0.42%,"4,662.93","4,662.59","4,683.00",
03-Nov-2021,"4,660.57",+29.92,+0.65%,"4,630.65","4,621.19","4,663.46",
02-Nov-2021,"4,630.65",+16.98,+0.37%,"4,613.34","4,613.34","4,635.15",
01-Nov-2021,"4,613.67",+8.29,+0.18%,"4,610.62","4,595.06","4,620.34",
29-Oct-2021,"4,605.38",+8.96,+0.19%,"4,572.87","4,567.59","4,608.08",
28-Oct-2021,"4,596.42",+44.74,+0.98%,"4,562.84","4,562.84","4,597.55",
27-Oct-2021,"4,551.68",-23.11,-0.51%,"4,580.22","4,551.66","4,584.57",
26-Oct-2021,"4,574.79",+8.31,+0.18%,"4,578.69","4,569.17","4,598.53",
25-Oct-2021,"4,566.48",+21.58,+0.47%,"4,553.69","4,537.36","4,572.62",
22-Oct-2021,"4,544.90",-4.88,-0.11%,"4,546.12","4,524.00","4,559.67",
21-Oct-2021,"4,549.78",+13.59,+0.30%,"4,532.24","4,526.89","4,551.44",
20-Oct-2021,"4,536.19",+16.56,+0.37%,"4,524.42","4,524.40","4,540.87",
19-Oct-2021,"4,519.63",+33.17,+0.74%,"4,497.34","4,496.41","4,520.40",
18-Oct-2021,"4,486.46",+15.09,+0.34%,"4,463.72","4,447.47","4,488.75",
15-Oct-2021,"4,471.37",+33.11,+0.75%,"4,447.69","4,447.69","4,475.82",
14-Oct-2021,"4,438.26",+74.46,+1.71%,"4,386.75","4,386.75","4,439.73",
13-Oct-2021,"4,363.80",+13.15,+0.30%,"4,358.01","4,329.92","4,372.87",
12-Oct-2021,"4,350.65",-10.54,-0.24%,"4,368.31","4,342.09","4,374.89",
11-Oct-2021,"4,361.19",-30.15,-0.69%,"4,385.44","4,360.59","4,415.88",
08-Oct-2021,"4,391.34",-8.42,-0.19%,"4,406.51","4,386.22","4,412.02",
07-Oct-2021,"4,399.76",+36.21,+0.83%,"4,383.73","4,383.73","4,429.97",
06-Oct-2021,"4,363.55",+17.83,+0.41%,"4,319.57","4,290.49","4,365.57",
05-Oct-2021,"4,345.72",+45.26,+1.05%,"4,309.87","4,309.87","4,369.23",
04-Oct-2021,"4,300.46",-56.58,-1.30%,"4,348.84","4,278.94","4,355.51",
01-Oct-2021,"4,357.04",+49.50,+1.15%,"4,317.16","4,288.52","4,375.19",
30-Sep-2021,"4,307.54",-51.92,-1.19%,"4,370.67","4,306.24","4,382.55",
29-Sep-2021,"4,359.46",+6.83,+0.16%,"4,362.41","4,355.08","4,385.57",
28-Sep-2021,"4,352.63",-90.48,-2.04%,"4,419.54","4,346.33","4,419.54",
27-Sep-2021,"4,443.11",-12.37,-0.28%,"4,442.12","4,436.19","4,457.30",
24-Sep-2021,"4,455.48",+6.50,+0.15%,"4,438.04","4,430.27","4,463.12",
23-Sep-2021,"4,448.98",+53.34,+1.21%,"4,406.75","4,406.75","4,465.40",
22-Sep-2021,"4,395.64",+41.45,+0.95%,"4,367.43","4,367.43","4,416.75",
21-Sep-2021,"4,354.19",-3.54,-0.08%,"4,374.45","4,347.96","4,394.87",
20-Sep-2021,"4,357.73",-75.26,-1.70%,"4,402.95","4,305.91","4,402.95",
17-Sep-2021,"4,432.99",-40.76,-0.91%,"4,469.74","4,427.76","4,471.52",
16-Sep-2021,"4,473.75",-6.95,-0.16%,"4,477.09","4,443.80","4,485.87",
15-Sep-2021,"4,480.70",+37.65,+0.85%,"4,447.49","4,438.37","4,486.87",
14-Sep-2021,"4,443.05",-25.68,-0.57%,"4,479.33","4,435.46","4,485.68",
13-Sep-2021,"4,468.73",+10.15,+0.23%,"4,474.81","4,445.70","4,492.99",
10-Sep-2021,"4,458.58",-34.70,-0.77%,"4,506.92","4,457.66","4,520.47",
09-Sep-2021,"4,493.28",-20.79,-0.46%,"4,513.02","4,492.07","4,529.90",
08-Sep-2021,"4,514.07",-5.96,-0.13%,"4,518.09","4,493.95","4,521.79",
07-Sep-2021,"4,520.03",-15.40,-0.34%,"4,535.38","4,513.00","4,535.38",
03-Sep-2021,"4,535.43",-1.52,-0.03%,"4,532.42","4,521.30","4,541.45",
02-Sep-2021,"4,536.95",+12.86,+0.28%,"4,534.48","4,524.66","4,545.85",
01-Sep-2021,"4,524.09",+1.41,+0.03%,"4,528.80","4,522.02","4,537.11",
31-Aug-2021,"4,522.68",-6.11,-0.13%,"4,529.75","4,515.80","4,531.39",
30-Aug-2021,"4,528.79",+19.42,+0.43%,"4,513.76","4,513.76","4,537.36",
27-Aug-2021,"4,509.37",+39.37,+0.88%,"4,474.10","4,474.10","4,513.33",
26-Aug-2021,"4,470.00",-26.19,-0.58%,"4,493.75","4,468.99","4,495.90",
25-Aug-2021,"4,496.19",+9.96,+0.22%,"4,490.45","4,485.66","4,501.71",
24-Aug-2021,"4,486.23",+6.70,+0.15%,"4,484.40","4,482.28","4,492.81",
23-Aug-2021,"4,479.53",+37.86,+0.85%,"4,450.29","4,450.29","4,489.88",
20-Aug-2021,"4,441.67",+35.87,+0.81%,"4,410.56","4,406.80","4,444.35",
19-Aug-2021,"4,405.80",+5.53,+0.13%,"4,382.44","4,367.73","4,418.61",
18-Aug-2021,"4,400.27",-47.81,-1.07%,"4,440.94","4,397.59","4,454.32",
17-Aug-2021,"4,448.08",-31.63,-0.71%,"4,462.12","4,417.83","4,462.12",
16-Aug-2021,"4,479.71",+11.71,+0.26%,"4,461.65","4,437.66","4,480.26",
13-Aug-2021,"4,468.00",+7.17,+0.16%,"4,464.84","4,460.82","4,468.37",
12-Aug-2021,"4,460.83",+13.13,+0.30%,"4,446.08","4,435.96","4,461.77",
11-Aug-2021,"4,447.70",+10.95,+0.25%,"4,442.18","4,436.42","4,449.44",
10-Aug-2021,"4,436.75",+4.40,+0.10%,"4,435.79","4,430.03","4,445.21",
09-Aug-2021,"4,432.35",-4.17,-0.09%,"4,437.77","4,424.74","4,439.39",
06-Aug-2021,"4,436.52",+7.42,+0.17%,"4,429.07","4,429.07","4,440.82",
05-Aug-2021,"4,429.10",+26.44,+0.60%,"4,408.86","4,408.86","4,429.76",
04-Aug-2021,"4,402.66",-20.49,-0.46%,"4,415.95","4,400.23","4,416.17",
03-Aug-2021,"4,423.15",+35.99,+0.82%,"4,392.74","4,373.00","4,423.79",
02-Aug-2021,"4,387.16",-8.10,-0.18%,"4,406.86","4,384.81","4,422.18",
30-Jul-2021,"4,395.26",-23.89,-0.54%,"4,395.12","4,389.65","4,412.25",
29-Jul-2021,"4,419.15",+18.51,+0.42%,"4,403.59","4,403.59","4,429.97",
28-Jul-2021,"4,400.64",-0.82,-0.02%,"4,402.95","4,387.01","4,415.47",
27-Jul-2021,"4,401.46",-20.84,-0.47%,"4,416.38","4,372.51","4,416.38",
26-Jul-2021,"4,422.30",+10.51,+0.24%,"4,409.58","4,405.45","4,422.73",
23-Jul-2021,"4,411.79",+44.31,+1.01%,"4,381.20","4,381.20","4,415.18",
22-Jul-2021,"4,367.48",+8.79,+0.20%,"4,361.27","4,350.06","4,369.87",
21-Jul-2021,"4,358.69",+35.63,+0.82%,"4,331.13","4,331.13","4,359.70",
20-Jul-2021,"4,323.06",+64.57,+1.52%,"4,265.11","4,262.05","4,336.84",
19-Jul-2021,"4,258.49",-68.67,-1.59%,"4,296.40","4,233.13","4,296.40",
16-Jul-2021,"4,327.16",-32.87,-0.75%,"4,367.43","4,322.53","4,375.09",
15-Jul-2021,"4,360.03",-14.27,-0.33%,"4,369.02","4,340.70","4,369.02",
14-Jul-2021,"4,374.30",+5.09,+0.12%,"4,380.11","4,362.36","4,393.68",
13-Jul-2021,"4,369.21",-15.42,-0.35%,"4,381.07","4,366.92","4,392.37",
12-Jul-2021,"4,384.63",+15.08,+0.35%,"4,372.41","4,364.03","4,386.68",
09-Jul-2021,"4,369.55",+48.73,+1.13%,"4,329.38","4,329.38","4,371.60",
08-Jul-2021,"4,320.82",-37.31,-0.86%,"4,321.07","4,289.37","4,330.88",
07-Jul-2021,"4,358.13",+14.59,+0.34%,"4,351.01","4,329.79","4,361.88",
06-Jul-2021,"4,343.54",-8.80,-0.20%,"4,356.46","4,314.37","4,356.46",
02-Jul-2021,"4,352.34",+32.40,+0.75%,"4,326.60","4,326.60","4,355.43",
01-Jul-2021,"4,319.94",+22.44,+0.52%,"4,300.73","4,300.73","4,320.66",
30-Jun-2021,"4,297.50",+5.70,+0.13%,"4,290.65","4,287.96","4,302.43",
29-Jun-2021,"4,291.80",+1.19,+0.03%,"4,293.21","4,287.04","4,300.52",
28-Jun-2021,"4,290.61",+9.91,+0.23%,"4,284.90","4,274.67","4,292.14",
25-Jun-2021,"4,280.70",+14.21,+0.33%,"4,274.45","4,271.16","4,286.12",
24-Jun-2021,"4,266.49",+24.65,+0.58%,"4,256.97","4,256.97","4,271.28",
23-Jun-2021,"4,241.84",-4.60,-0.11%,"4,249.27","4,241.43","4,256.60",
22-Jun-2021,"4,246.44",+21.65,+0.51%,"4,224.61","4,217.27","4,255.84",
21-Jun-2021,"4,224.79",+58.34,+1.40%,"4,173.40","4,173.40","4,226.24",
18-Jun-2021,"4,166.45",-55.41,-1.31%,"4,204.78","4,164.40","4,204.78",
17-Jun-2021,"4,221.86",-1.84,-0.04%,"4,220.37","4,196.05","4,232.29",
16-Jun-2021,"4,223.70",-22.89,-0.54%,"4,248.87","4,202.45","4,251.89",
15-Jun-2021,"4,246.59",-8.56,-0.20%,"4,255.28","4,238.35","4,257.16",
14-Jun-2021,"4,255.15",+7.71,+0.18%,"4,248.31","4,234.07","4,255.59",
11-Jun-2021,"4,247.44",+8.26,+0.19%,"4,242.90","4,232.25","4,248.38",
10-Jun-2021,"4,239.18",+19.63,+0.47%,"4,228.56","4,220.34","4,249.74",
09-Jun-2021,"4,219.55",-7.71,-0.18%,"4,232.99","4,218.74","4,237.09",
08-Jun-2021,"4,227.26",+0.74,+0.02%,"4,233.81","4,208.41","4,236.74",
07-Jun-2021,"4,226.52",-3.37,-0.08%,"4,229.34","4,215.66","4,232.34",
04-Jun-2021,"4,229.89",+37.04,+0.88%,"4,206.05","4,206.05","4,233.45",
03-Jun-2021,"4,192.85",-15.27,-0.36%,"4,191.43","4,167.93","4,204.39",
02-Jun-2021,"4,208.12",+6.08,+0.14%,"4,206.82","4,198.27","4,217.37",
01-Jun-2021,"4,202.04",-2.07,-0.05%,"4,216.52","4,197.59","4,234.12",
28-May-2021,"4,204.11",+3.23,+0.08%,"4,210.77","4,203.57","4,218.36",
27-May-2021,"4,200.88",+4.89,+0.12%,"4,201.94","4,197.78","4,213.38",
26-May-2021,"4,195.99",+7.86,+0.19%,"4,191.59","4,184.11","4,202.61",
25-May-2021,"4,188.13",-8.92,-0.21%,"4,205.94","4,182.52","4,213.42",
24-May-2021,"4,197.05",+41.19,+0.99%,"4,170.16","4,170.16","4,209.52",
21-May-2021,"4,155.86",-3.26,-0.08%,"4,168.61","4,151.72","4,188.72",
20-May-2021,"4,159.12",+43.44,+1.06%,"4,121.97","4,121.97","4,172.80",
19-May-2021,"4,115.68",-12.15,-0.29%,"4,098.45","4,061.41","4,116.93",
18-May-2021,"4,127.83",-35.46,-0.85%,"4,165.94","4,125.99","4,169.15",
17-May-2021,"4,163.29",-10.56,-0.25%,"4,169.92","4,142.69","4,171.92",
14-May-2021,"4,173.85",+61.35,+1.49%,"4,129.58","4,129.58","4,183.13",
13-May-2021,"4,112.50",+49.46,+1.22%,"4,074.99","4,074.99","4,131.58",
12-May-2021,"4,063.04",-89.06,-2.14%,"4,130.55","4,056.88","4,134.73",
11-May-2021,"4,152.10",-36.33,-0.87%,"4,150.34","4,111.53","4,162.04",
10-May-2021,"4,188.43",-44.17,-1.04%,"4,228.29","4,188.13","4,236.39",
07-May-2021,"4,232.60",+30.98,+0.74%,"4,210.34","4,201.64","4,238.04",
06-May-2021,"4,201.62",+34.03,+0.82%,"4,169.14","4,147.33","4,202.70",
05-May-2021,"4,167.59",+2.93,+0.07%,"4,177.06","4,160.94","4,187.72",
04-May-2021,"4,164.66",-28.00,-0.67%,"4,179.04","4,128.59","4,179.04",
03-May-2021,"4,192.66",+11.49,+0.27%,"4,191.98","4,188.03","4,209.39",
30-Apr-2021,"4,181.17",-30.30,-0.72%,"4,198.10","4,174.85","4,198.10",
29-Apr-2021,"4,211.47",+28.29,+0.68%,"4,206.14","4,176.81","4,218.78",
28-Apr-2021,"4,183.18",-3.54,-0.08%,"4,185.14","4,181.78","4,201.53",
27-Apr-2021,"4,186.72",-0.90,-0.02%,"4,188.25","4,176.22","4,193.35",
26-Apr-2021,"4,187.62",+7.45,+0.18%,"4,185.03","4,182.36","4,194.19",
23-Apr-2021,"4,180.17",+45.19,+1.09%,"4,138.78","4,138.78","4,194.17",
22-Apr-2021,"4,134.98",-38.44,-0.92%,"4,170.46","4,123.69","4,179.57",
21-Apr-2021,"4,173.42",+38.48,+0.93%,"4,128.42","4,126.35","4,175.02",
20-Apr-2021,"4,134.94",-28.32,-0.68%,"4,159.18","4,118.38","4,159.18",
19-Apr-2021,"4,163.26",-22.21,-0.53%,"4,179.80","4,150.47","4,180.81",
16-Apr-2021,"4,185.47",+15.05,+0.36%,"4,174.14","4,170.75","4,191.31",
15-Apr-2021,"4,170.42",+45.76,+1.11%,"4,139.76","4,139.76","4,173.49",
14-Apr-2021,"4,124.66",-16.93,-0.41%,"4,141.58","4,120.87","4,151.69",
13-Apr-2021,"4,141.59",+13.60,+0.33%,"4,130.10","4,124.43","4,148.00",
12-Apr-2021,"4,127.99",-0.81,-0.02%,"4,124.71","4,114.82","4,131.76",
09-Apr-2021,"4,128.80",+31.63,+0.77%,"4,096.11","4,095.51","4,129.48",
08-Apr-2021,"4,097.17",+17.22,+0.42%,"4,089.95","4,082.54","4,098.19",
07-Apr-2021,"4,079.95",+6.01,+0.15%,"4,074.29","4,068.31","4,083.13",
06-Apr-2021,"4,073.94",-3.97,-0.10%,"4,075.57","4,068.14","4,086.23",
05-Apr-2021,"4,077.91",+58.04,+1.44%,"4,034.44","4,034.44","4,083.42",
01-Apr-2021,"4,019.87",+46.98,+1.18%,"3,992.78","3,992.78","4,020.63",
31-Mar-2021,"3,972.89",+14.34,+0.36%,"3,967.25","3,966.98","3,994.41",
30-Mar-2021,"3,958.55",-12.54,-0.32%,"3,963.34","3,944.35","3,968.01",
29-Mar-2021,"3,971.09",-3.45,-0.09%,"3,969.31","3,943.25","3,981.83",
26-Mar-2021,"3,974.54",+65.02,+1.66%,"3,917.12","3,917.12","3,978.19",
25-Mar-2021,"3,909.52",+20.38,+0.52%,"3,879.34","3,853.50","3,919.54",
24-Mar-2021,"3,889.14",-21.38,-0.55%,"3,919.93","3,889.07","3,942.08",
23-Mar-2021,"3,910.52",-30.07,-0.76%,"3,937.60","3,901.57","3,949.13",
22-Mar-2021,"3,940.59",+27.49,+0.70%,"3,916.48","3,914.16","3,955.31",
19-Mar-2021,"3,913.10",-2.36,-0.06%,"3,913.14","3,886.75","3,930.12",
18-Mar-2021,"3,915.46",-58.66,-1.48%,"3,953.50","3,910.86","3,969.62",
17-Mar-2021,"3,974.12",+11.41,+0.29%,"3,949.57","3,935.74","3,983.87",
16-Mar-2021,"3,962.71",-6.23,-0.16%,"3,973.59","3,953.44","3,981.04",
15-Mar-2021,"3,968.94",+25.60,+0.65%,"3,942.96","3,923.54","3,970.08",
12-Mar-2021,"3,943.34",+4.00,+0.10%,"3,924.52","3,915.21","3,944.99",
11-Mar-2021,"3,939.34",+40.53,+1.04%,"3,915.54","3,915.54","3,960.27",
10-Mar-2021,"3,898.81",+23.37,+0.60%,"3,891.99","3,885.73","3,917.35",
09-Mar-2021,"3,875.44",+54.09,+1.42%,"3,851.93","3,851.93","3,903.76",
08-Mar-2021,"3,821.35",-20.59,-0.54%,"3,844.39","3,819.25","3,881.06",
05-Mar-2021,"3,841.94",+73.47,+1.95%,"3,793.58","3,730.19","3,851.69",
04-Mar-2021,"3,768.47",-51.25,-1.34%,"3,818.53","3,723.34","3,843.67",
03-Mar-2021,"3,819.72",-50.57,-1.31%,"3,863.99","3,818.86","3,874.47",
02-Mar-2021,"3,870.29",-31.53,-0.81%,"3,903.64","3,868.57","3,906.41",
01-Mar-2021,"3,901.82",+90.67,+2.38%,"3,842.51","3,842.51","3,914.50",
26-Feb-2021,"3,811.15",-18.19,-0.48%,"3,839.66","3,789.54","3,861.08",
25-Feb-2021,"3,829.34",-96.09,-2.45%,"3,915.80","3,814.04","3,925.02",
24-Feb-2021,"3,925.43",+44.06,+1.14%,"3,873.71","3,859.60","3,928.65",
23-Feb-2021,"3,881.37",+4.87,+0.13%,"3,857.07","3,805.59","3,895.98",
22-Feb-2021,"3,876.50",-30.21,-0.77%,"3,885.55","3,874.71","3,902.92",
19-Feb-2021,"3,906.71",-7.26,-0.19%,"3,921.16","3,903.07","3,930.41",
18-Feb-2021,"3,913.97",-17.36,-0.44%,"3,915.86","3,885.03","3,921.98",
17-Feb-2021,"3,931.33",-1.26,-0.03%,"3,918.50","3,900.43","3,933.61",
16-Feb-2021,"3,932.59",-2.24,-0.06%,"3,939.61","3,923.85","3,950.43",
12-Feb-2021,"3,934.83",+18.45,+0.47%,"3,911.65","3,905.78","3,937.23",
11-Feb-2021,"3,916.38",+6.50,+0.17%,"3,916.40","3,890.39","3,925.99",
10-Feb-2021,"3,909.88",-1.35,-0.03%,"3,920.78","3,884.94","3,931.50",
09-Feb-2021,"3,911.23",-4.36,-0.11%,"3,910.49","3,902.64","3,918.35",
08-Feb-2021,"3,915.59",+28.76,+0.74%,"3,892.59","3,892.59","3,915.77",
05-Feb-2021,"3,886.83",+15.09,+0.39%,"3,878.30","3,874.93","3,894.56",
04-Feb-2021,"3,871.74",+41.57,+1.09%,"3,836.66","3,836.66","3,872.42",
03-Feb-2021,"3,830.17",+3.86,+0.10%,"3,840.27","3,816.68","3,847.51",
02-Feb-2021,"3,826.31",+52.45,+1.39%,"3,791.84","3,791.84","3,843.09",
01-Feb-2021,"3,773.86",+59.62,+1.61%,"3,731.17","3,725.62","3,784.32",
29-Jan-2021,"3,714.24",-73.14,-1.93%,"3,778.05","3,694.12","3,778.05",
28-Jan-2021,"3,787.38",+36.61,+0.98%,"3,755.75","3,755.75","3,830.50",
27-Jan-2021,"3,750.77",-98.85,-2.57%,"3,836.83","3,732.48","3,836.83",
26-Jan-2021,"3,849.62",-5.74,-0.15%,"3,862.96","3,847.78","3,870.90",
25-Jan-2021,"3,855.36",+13.89,+0.36%,"3,851.68","3,797.16","3,859.23",
22-Jan-2021,"3,841.47",-11.60,-0.30%,"3,844.24","3,830.41","3,852.31",
21-Jan-2021,"3,853.07",+1.22,+0.03%,"3,857.46","3,845.05","3,861.45",
20-Jan-2021,"3,851.85",+52.94,+1.39%,"3,816.22","3,816.22","3,859.75",
19-Jan-2021,"3,798.91",+30.66,+0.81%,"3,781.88","3,780.37","3,804.53",
15-Jan-2021,"3,768.25",-27.29,-0.72%,"3,788.73","3,749.62","3,788.73",
14-Jan-2021,"3,795.54",-14.30,-0.38%,"3,814.98","3,792.86","3,823.60",
13-Jan-2021,"3,809.84",+8.65,+0.23%,"3,802.23","3,791.50","3,820.96",
12-Jan-2021,"3,801.19",+1.58,+0.04%,"3,801.62","3,776.51","3,810.78",
11-Jan-2021,"3,799.61",-25.07,-0.66%,"3,803.14","3,789.02","3,817.86",
08-Jan-2021,"3,824.68",+20.89,+0.55%,"3,815.05","3,783.60","3,826.69",
07-Jan-2021,"3,803.79",+55.65,+1.48%,"3,764.71","3,764.71","3,811.55",
06-Jan-2021,"3,748.14",+21.28,+0.57%,"3,712.20","3,705.34","3,783.04",
05-Jan-2021,"3,726.86",+26.21,+0.71%,"3,698.02","3,695.07","3,737.83",
04-Jan-2021,"3,700.65",-55.42,-1.48%,"3,764.61","3,662.71","3,769.99",
31-Dec-2020,"3,756.07",+24.03,+0.64%,"3,733.27","3,726.88","3,760.20",
30-Dec-2020,"3,732.04",+5.00,+0.13%,"3,736.19","3,730.21","3,744.63",
29-Dec-2020,"3,727.04",-8.32,-0.22%,"3,750.01","3,723.31","3,756.12",
28-Dec-2020,"3,735.36",+32.30,+0.87%,"3,723.03","3,723.03","3,740.51",
24-Dec-2020,"3,703.06",+13.05,+0.35%,"3,694.03","3,689.32","3,703.82",
23-Dec-2020,"3,690.01",+2.75,+0.07%,"3,693.42","3,689.28","3,711.24",
22-Dec-2020,"3,687.26",-7.66,-0.21%,"3,698.08","3,676.16","3,698.26",
21-Dec-2020,"3,694.92",-14.49,-0.39%,"3,684.28","3,636.48","3,702.90",
18-Dec-2020,"3,709.41",-13.07,-0.35%,"3,722.39","3,685.84","3,726.70",
17-Dec-2020,"3,722.48",+21.31,+0.58%,"3,713.65","3,710.87","3,725.12",
16-Dec-2020,"3,701.17",+6.55,+0.18%,"3,696.25","3,688.57","3,711.27",
15-Dec-2020,"3,694.62",+47.13,+1.29%,"3,666.41","3,659.62","3,695.29",
14-Dec-2020,"3,647.49",-15.97,-0.44%,"3,675.27","3,645.84","3,697.61",
11-Dec-2020,"3,663.46",-4.64,-0.13%,"3,656.08","3,633.40","3,665.91",
10-Dec-2020,"3,668.10",-4.72,-0.13%,"3,659.13","3,645.18","3,678.49",
09-Dec-2020,"3,672.82",-29.43,-0.79%,"3,705.98","3,660.54","3,712.39",
08-Dec-2020,"3,702.25",+10.29,+0.28%,"3,683.05","3,678.83","3,708.45",
07-Dec-2020,"3,691.96",-7.16,-0.19%,"3,694.73","3,678.88","3,697.41",
04-Dec-2020,"3,699.12",+32.40,+0.88%,"3,670.94","3,670.94","3,699.20",
03-Dec-2020,"3,666.72",-2.29,-0.06%,"3,668.28","3,657.17","3,682.73",
02-Dec-2020,"3,669.01",+6.56,+0.18%,"3,653.78","3,644.84","3,670.96",
01-Dec-2020,"3,662.45",+40.82,+1.13%,"3,645.87","3,645.87","3,678.45",
30-Nov-2020,"3,621.63",-16.72,-0.46%,"3,634.18","3,594.39","3,634.18",
27-Nov-2020,"3,638.35",+8.70,+0.24%,"3,638.55","3,629.33","3,644.31",
25-Nov-2020,"3,629.65",-5.76,-0.16%,"3,635.50","3,617.76","3,635.50",
24-Nov-2020,"3,635.41",+57.82,+1.62%,"3,594.52","3,594.52","3,642.31",
23-Nov-2020,"3,577.59",+20.05,+0.56%,"3,566.82","3,552.77","3,589.81",
20-Nov-2020,"3,557.54",-24.33,-0.68%,"3,579.31","3,556.85","3,581.23",
19-Nov-2020,"3,581.87",+14.08,+0.39%,"3,559.41","3,543.84","3,585.22",
18-Nov-2020,"3,567.79",-41.74,-1.16%,"3,612.09","3,567.33","3,619.09",
17-Nov-2020,"3,609.53",-17.38,-0.48%,"3,610.31","3,588.68","3,623.11",
16-Nov-2020,"3,626.91",+41.76,+1.16%,"3,600.16","3,600.16","3,628.51",
13-Nov-2020,"3,585.15",+48.14,+1.36%,"3,552.57","3,552.57","3,593.66",
12-Nov-2020,"3,537.01",-35.65,-1.00%,"3,562.67","3,518.58","3,569.02",
11-Nov-2020,"3,572.66",+27.13,+0.77%,"3,563.22","3,557.00","3,581.16",
10-Nov-2020,"3,545.53",-4.97,-0.14%,"3,543.26","3,511.91","3,557.22",
09-Nov-2020,"3,550.50",+41.06,+1.17%,"3,583.04","3,547.48","3,645.99",
06-Nov-2020,"3,509.44",-1.01,-0.03%,"3,508.34","3,484.34","3,521.58",
05-Nov-2020,"3,510.45",+67.01,+1.95%,"3,485.74","3,485.74","3,529.05",
04-Nov-2020,"3,443.44",+74.28,+2.20%,"3,406.46","3,405.17","3,486.25",
03-Nov-2020,"3,369.16",+58.92,+1.78%,"3,336.25","3,336.25","3,389.49",
02-Nov-2020,"3,310.24",+40.28,+1.23%,"3,296.20","3,279.74","3,330.14",
30-Oct-2020,"3,269.96",-40.15,-1.21%,"3,293.59","3,233.94","3,304.93",
29-Oct-2020,"3,310.11",+39.08,+1.19%,"3,277.17","3,259.82","3,341.05",
28-Oct-2020,"3,271.03",-119.65,-3.53%,"3,342.48","3,268.89","3,342.48",
27-Oct-2020,"3,390.68",-10.29,-0.30%,"3,403.15","3,388.71","3,409.51",
26-Oct-2020,"3,400.97",-64.42,-1.86%,"3,441.42","3,364.86","3,441.42",
23-Oct-2020,"3,465.39",+11.90,+0.34%,"3,464.90","3,440.45","3,466.46",
22-Oct-2020,"3,453.49",+17.93,+0.52%,"3,438.50","3,415.34","3,460.53",
21-Oct-2020,"3,435.56",-7.56,-0.22%,"3,439.91","3,433.06","3,464.86",
20-Oct-2020,"3,443.12",+16.20,+0.47%,"3,439.38","3,435.65","3,476.93",
19-Oct-2020,"3,426.92",-56.89,-1.63%,"3,493.66","3,419.93","3,502.42",
16-Oct-2020,"3,483.81",+0.47,+0.01%,"3,493.50","3,480.45","3,515.76",
15-Oct-2020,"3,483.34",-5.33,-0.15%,"3,453.72","3,440.89","3,489.08",
14-Oct-2020,"3,488.67",-23.26,-0.66%,"3,515.47","3,480.55","3,527.94",
13-Oct-2020,"3,511.93",-22.29,-0.63%,"3,534.01","3,500.86","3,534.01",
12-Oct-2020,"3,534.22",+57.09,+1.64%,"3,500.02","3,499.61","3,549.85",
09-Oct-2020,"3,477.13",+30.30,+0.88%,"3,459.67","3,458.07","3,482.34",
08-Oct-2020,"3,446.83",+27.38,+0.80%,"3,434.28","3,428.15","3,447.28",
07-Oct-2020,"3,419.45",+58.50,+1.74%,"3,384.56","3,384.56","3,426.26",
06-Oct-2020,"3,360.95",-47.68,-1.40%,"3,408.74","3,354.54","3,431.56",
05-Oct-2020,"3,408.63",+60.19,+1.80%,"3,367.27","3,367.27","3,409.57",
02-Oct-2020,"3,348.44",-32.36,-0.96%,"3,338.94","3,323.69","3,369.10",
01-Oct-2020,"3,380.80",+17.80,+0.53%,"3,385.87","3,361.39","3,397.18",
30-Sep-2020,"3,363.00",+27.53,+0.83%,"3,341.21","3,340.47","3,393.56",
29-Sep-2020,"3,335.47",-16.13,-0.48%,"3,350.92","3,327.54","3,357.92",
28-Sep-2020,"3,351.60",+53.14,+1.61%,"3,333.90","3,332.91","3,360.74",
25-Sep-2020,"3,298.46",+51.87,+1.60%,"3,236.66","3,228.44","3,306.88",
24-Sep-2020,"3,246.59",+9.67,+0.30%,"3,226.14","3,209.45","3,278.70",
23-Sep-2020,"3,236.92",-78.65,-2.37%,"3,320.11","3,232.57","3,323.35",
22-Sep-2020,"3,315.57",+34.51,+1.05%,"3,295.75","3,270.95","3,320.31",
21-Sep-2020,"3,281.06",-38.41,-1.16%,"3,285.57","3,229.10","3,285.57",
18-Sep-2020,"3,319.47",-37.54,-1.12%,"3,357.38","3,292.40","3,362.27",
17-Sep-2020,"3,357.01",-28.48,-0.84%,"3,346.86","3,328.82","3,375.17",
16-Sep-2020,"3,385.49",-15.71,-0.46%,"3,411.23","3,384.45","3,428.92",
15-Sep-2020,"3,401.20",+17.66,+0.52%,"3,407.73","3,389.25","3,419.48",
14-Sep-2020,"3,383.54",+42.57,+1.27%,"3,363.56","3,363.56","3,402.93",
11-Sep-2020,"3,340.97",+1.78,+0.05%,"3,352.70","3,310.47","3,368.95",
10-Sep-2020,"3,339.19",-59.77,-1.76%,"3,412.56","3,329.25","3,425.55",
09-Sep-2020,"3,398.96",+67.12,+2.01%,"3,369.82","3,366.84","3,424.77",
08-Sep-2020,"3,331.84",-95.12,-2.78%,"3,371.88","3,329.27","3,379.97",
04-Sep-2020,"3,426.96",-28.10,-0.81%,"3,453.60","3,349.63","3,479.15",
03-Sep-2020,"3,455.06",-125.78,-3.51%,"3,564.74","3,427.41","3,564.85",
02-Sep-2020,"3,580.84",+54.19,+1.54%,"3,543.76","3,535.23","3,588.11",
01-Sep-2020,"3,526.65",+26.34,+0.75%,"3,507.44","3,494.60","3,528.03",
31-Aug-2020,"3,500.31",-7.70,-0.22%,"3,509.73","3,493.25","3,514.77",
28-Aug-2020,"3,508.01",+23.46,+0.67%,"3,494.69","3,484.32","3,509.23",
27-Aug-2020,"3,484.55",+5.82,+0.17%,"3,485.14","3,468.35","3,501.38",
26-Aug-2020,"3,478.73",+35.11,+1.02%,"3,449.97","3,444.15","3,481.07",
25-Aug-2020,"3,443.62",+12.34,+0.36%,"3,435.95","3,425.84","3,444.21",
24-Aug-2020,"3,431.28",+34.12,+1.00%,"3,418.09","3,413.13","3,432.09",
21-Aug-2020,"3,397.16",+11.65,+0.34%,"3,386.01","3,379.31","3,399.96",
20-Aug-2020,"3,385.51",+10.66,+0.32%,"3,360.48","3,354.69","3,390.80",
19-Aug-2020,"3,374.85",-14.93,-0.44%,"3,392.51","3,369.66","3,399.54",
18-Aug-2020,"3,389.78",+7.79,+0.23%,"3,387.04","3,370.15","3,395.06",
17-Aug-2020,"3,381.99",+9.14,+0.27%,"3,380.86","3,379.22","3,387.59",
14-Aug-2020,"3,372.85",-0.58,-0.02%,"3,368.66","3,361.64","3,378.51",
13-Aug-2020,"3,373.43",-6.92,-0.20%,"3,372.95","3,363.35","3,387.24",
12-Aug-2020,"3,380.35",+46.66,+1.40%,"3,355.46","3,355.46","3,387.89",
11-Aug-2020,"3,333.69",-26.78,-0.80%,"3,370.34","3,326.44","3,381.01",
10-Aug-2020,"3,360.47",+9.19,+0.27%,"3,356.04","3,335.44","3,363.29",
07-Aug-2020,"3,351.28",+2.12,+0.06%,"3,340.05","3,328.72","3,352.54",
06-Aug-2020,"3,349.16",+21.39,+0.64%,"3,323.17","3,318.14","3,351.03",
05-Aug-2020,"3,327.77",+21.26,+0.64%,"3,317.37","3,317.37","3,330.77",
04-Aug-2020,"3,306.51",+11.90,+0.36%,"3,289.92","3,286.37","3,306.84",
03-Aug-2020,"3,294.61",+23.49,+0.72%,"3,288.26","3,284.53","3,302.73",
31-Jul-2020,"3,271.12",+24.90,+0.77%,"3,270.45","3,220.26","3,272.17",
30-Jul-2020,"3,246.22",-12.22,-0.38%,"3,231.76","3,204.13","3,250.92",
29-Jul-2020,"3,258.44",+40.00,+1.24%,"3,227.22","3,227.22","3,264.74",
28-Jul-2020,"3,218.44",-20.97,-0.65%,"3,234.27","3,216.17","3,243.72",
27-Jul-2020,"3,239.41",+23.78,+0.74%,"3,219.84","3,214.25","3,241.43",
24-Jul-2020,"3,215.63",-20.03,-0.62%,"3,218.58","3,200.05","3,227.26",
23-Jul-2020,"3,235.66",-40.36,-1.23%,"3,271.64","3,222.66","3,279.99",
22-Jul-2020,"3,276.02",+18.72,+0.57%,"3,254.86","3,253.10","3,279.32",
21-Jul-2020,"3,257.30",+5.46,+0.17%,"3,268.52","3,247.77","3,277.29",
20-Jul-2020,"3,251.84",+27.11,+0.84%,"3,224.29","3,215.16","3,258.61",
17-Jul-2020,"3,224.73",+9.16,+0.28%,"3,224.21","3,205.65","3,233.52",
16-Jul-2020,"3,215.57",-10.99,-0.34%,"3,208.36","3,198.59","3,220.39",
15-Jul-2020,"3,226.56",+29.04,+0.91%,"3,225.98","3,200.76","3,238.28",
14-Jul-2020,"3,197.52",+42.30,+1.34%,"3,141.11","3,127.66","3,200.95",
13-Jul-2020,"3,155.22",-29.82,-0.94%,"3,205.08","3,149.43","3,235.32",
10-Jul-2020,"3,185.04",+32.99,+1.05%,"3,152.47","3,136.22","3,186.82",
09-Jul-2020,"3,152.05",-17.89,-0.56%,"3,176.17","3,115.70","3,179.78",
08-Jul-2020,"3,169.94",+24.62,+0.78%,"3,153.07","3,136.53","3,171.80",
07-Jul-2020,"3,145.32",-34.40,-1.08%,"3,166.44","3,142.93","3,184.15",
06-Jul-2020,"3,179.72",+49.71,+1.59%,"3,155.29","3,155.29","3,182.59",
02-Jul-2020,"3,130.01",+14.15,+0.45%,"3,143.64","3,124.52","3,165.81",
01-Jul-2020,"3,115.86",+15.57,+0.50%,"3,105.92","3,101.17","3,128.44",
30-Jun-2020,"3,100.29",+47.05,+1.54%,"3,050.20","3,047.83","3,111.51",
29-Jun-2020,"3,053.24",+44.19,+1.47%,"3,018.59","2,999.74","3,053.89",
26-Jun-2020,"3,009.05",-74.71,-2.42%,"3,073.20","3,004.63","3,073.73",
25-Jun-2020,"3,083.76",+33.43,+1.10%,"3,046.60","3,024.01","3,086.25",
24-Jun-2020,"3,050.33",-80.96,-2.59%,"3,114.40","3,032.13","3,115.01",
23-Jun-2020,"3,131.29",+13.43,+0.43%,"3,138.70","3,127.12","3,154.90",
22-Jun-2020,"3,117.86",+20.12,+0.65%,"3,094.42","3,079.39","3,120.92",
19-Jun-2020,"3,097.74",-17.60,-0.56%,"3,140.29","3,083.11","3,155.53",
18-Jun-2020,"3,115.34",+1.85,+0.06%,"3,101.64","3,093.51","3,120.00",
17-Jun-2020,"3,113.49",-11.25,-0.36%,"3,136.13","3,108.03","3,141.16",
16-Jun-2020,"3,124.74",+58.15,+1.90%,"3,131.00","3,076.06","3,153.45",
15-Jun-2020,"3,066.59",+25.28,+0.83%,"2,993.76","2,965.66","3,079.76",
12-Jun-2020,"3,041.31",+39.21,+1.31%,"3,071.04","2,984.47","3,088.42",
11-Jun-2020,"3,002.10",-188.04,-5.89%,"3,123.53","2,999.49","3,123.53",
10-Jun-2020,"3,190.14",-17.04,-0.53%,"3,213.42","3,181.49","3,223.27",
09-Jun-2020,"3,207.18",-25.21,-0.78%,"3,213.32","3,193.11","3,222.71",
08-Jun-2020,"3,232.39",+38.46,+1.20%,"3,199.92","3,196.00","3,233.13",
05-Jun-2020,"3,193.93",+81.58,+2.62%,"3,163.84","3,163.84","3,211.72",
04-Jun-2020,"3,112.35",-10.52,-0.34%,"3,111.56","3,090.41","3,128.91",
03-Jun-2020,"3,122.87",+42.05,+1.36%,"3,098.90","3,098.90","3,130.94",
02-Jun-2020,"3,080.82",+25.09,+0.82%,"3,064.78","3,051.64","3,081.07",
01-Jun-2020,"3,055.73",+11.42,+0.38%,"3,038.78","3,031.54","3,062.18",
29-May-2020,"3,044.31",+14.58,+0.48%,"3,025.17","2,998.61","3,049.17",
28-May-2020,"3,029.73",-6.40,-0.21%,"3,046.61","3,023.40","3,068.67",
27-May-2020,"3,036.13",+44.36,+1.48%,"3,015.65","2,969.75","3,036.25",
26-May-2020,"2,991.77",+36.32,+1.23%,"3,004.08","2,988.17","3,021.72",
22-May-2020,"2,955.45",+6.94,+0.24%,"2,948.05","2,933.59","2,956.76",
21-May-2020,"2,948.51",-23.10,-0.78%,"2,969.95","2,938.57","2,978.50",
20-May-2020,"2,971.61",+48.67,+1.67%,"2,953.63","2,953.63","2,980.29",
19-May-2020,"2,922.94",-30.97,-1.05%,"2,948.59","2,922.35","2,964.21",
18-May-2020,"2,953.91",+90.21,+3.15%,"2,913.86","2,913.86","2,968.09",
15-May-2020,"2,863.70",+11.20,+0.39%,"2,829.95","2,816.78","2,865.01",
14-May-2020,"2,852.50",+32.50,+1.15%,"2,794.54","2,766.64","2,852.80",
13-May-2020,"2,820.00",-50.12,-1.75%,"2,865.86","2,793.15","2,874.14",
12-May-2020,"2,870.12",-60.20,-2.05%,"2,939.50","2,869.59","2,945.82",
11-May-2020,"2,930.32",+0.52,+0.02%,"2,915.46","2,903.44","2,944.25",
08-May-2020,"2,929.80",+48.61,+1.69%,"2,908.83","2,902.88","2,932.16",
07-May-2020,"2,881.19",+32.77,+1.15%,"2,878.26","2,876.48","2,901.92",
06-May-2020,"2,848.42",-20.02,-0.70%,"2,883.14","2,847.65","2,891.11",
05-May-2020,"2,868.44",+25.70,+0.90%,"2,868.88","2,863.55","2,898.23",
04-May-2020,"2,842.74",+12.03,+0.42%,"2,815.01","2,797.85","2,844.24",
01-May-2020,"2,830.71",-81.72,-2.81%,"2,869.09","2,821.61","2,869.09",
30-Apr-2020,"2,912.43",-27.08,-0.92%,"2,930.91","2,892.47","2,930.91",
29-Apr-2020,"2,939.51",+76.12,+2.66%,"2,918.46","2,912.16","2,954.86",
28-Apr-2020,"2,863.39",-15.09,-0.52%,"2,909.96","2,860.71","2,921.15",
27-Apr-2020,"2,878.48",+41.74,+1.47%,"2,854.65","2,852.89","2,887.72",
24-Apr-2020,"2,836.74",+38.94,+1.39%,"2,812.64","2,791.76","2,842.71",
23-Apr-2020,"2,797.80",-1.51,-0.05%,"2,810.42","2,794.26","2,844.90",
22-Apr-2020,"2,799.31",+62.75,+2.29%,"2,787.89","2,775.95","2,815.10",
21-Apr-2020,"2,736.56",-86.60,-3.07%,"2,784.81","2,727.10","2,785.54",
20-Apr-2020,"2,823.16",-51.40,-1.79%,"2,845.62","2,820.43","2,868.98",
17-Apr-2020,"2,874.56",+75.01,+2.68%,"2,842.43","2,830.88","2,879.22",
16-Apr-2020,"2,799.55",+16.19,+0.58%,"2,799.34","2,764.32","2,806.51",
15-Apr-2020,"2,783.36",-62.70,-2.20%,"2,795.64","2,761.54","2,801.88",
14-Apr-2020,"2,846.06",+84.43,+3.06%,"2,805.10","2,805.10","2,851.85",
13-Apr-2020,"2,761.63",-28.19,-1.01%,"2,782.46","2,721.17","2,782.46",
09-Apr-2020,"2,789.82",+39.84,+1.45%,"2,776.99","2,762.36","2,818.57",
08-Apr-2020,"2,749.98",+90.57,+3.41%,"2,685.00","2,663.30","2,760.75",
07-Apr-2020,"2,659.41",-4.27,-0.16%,"2,738.65","2,657.67","2,756.89",
06-Apr-2020,"2,663.68",+175.03,+7.03%,"2,578.28","2,574.57","2,676.85",
03-Apr-2020,"2,488.65",-38.25,-1.51%,"2,514.92","2,459.96","2,538.18",
02-Apr-2020,"2,526.90",+56.40,+2.28%,"2,458.54","2,455.79","2,533.22",
01-Apr-2020,"2,470.50",-114.09,-4.41%,"2,498.08","2,447.49","2,522.75",
31-Mar-2020,"2,584.59",-42.06,-1.60%,"2,614.69","2,571.15","2,641.39",
30-Mar-2020,"2,626.65",+85.18,+3.35%,"2,558.98","2,545.28","2,631.80",
27-Mar-2020,"2,541.47",-88.60,-3.37%,"2,555.87","2,520.02","2,615.91",
26-Mar-2020,"2,630.07",+154.51,+6.24%,"2,501.29","2,500.72","2,637.01",
25-Mar-2020,"2,475.56",+28.23,+1.15%,"2,457.77","2,407.53","2,571.42",
24-Mar-2020,"2,447.33",+209.93,+9.38%,"2,344.44","2,344.44","2,449.71",
23-Mar-2020,"2,237.40",-67.52,-2.93%,"2,290.71","2,191.86","2,300.73",
20-Mar-2020,"2,304.92",-104.47,-4.34%,"2,431.94","2,295.56","2,453.01",
19-Mar-2020,"2,409.39",+11.29,+0.47%,"2,393.48","2,319.78","2,466.97",
18-Mar-2020,"2,398.10",-131.09,-5.18%,"2,436.50","2,280.52","2,453.57",
17-Mar-2020,"2,529.19",+143.06,+6.00%,"2,425.66","2,367.04","2,553.93",
16-Mar-2020,"2,386.13",-324.89,-11.98%,"2,508.59","2,380.94","2,562.98",
13-Mar-2020,"2,711.02",+230.38,+9.29%,"2,569.99","2,492.37","2,711.33",
12-Mar-2020,"2,480.64",-260.74,-9.51%,"2,630.86","2,478.86","2,660.95",
11-Mar-2020,"2,741.38",-140.85,-4.89%,"2,825.60","2,707.22","2,825.60",
10-Mar-2020,"2,882.23",+135.67,+4.94%,"2,813.48","2,734.00","2,882.59",
09-Mar-2020,"2,746.56",-225.81,-7.60%,"2,863.89","2,734.43","2,863.89",
06-Mar-2020,"2,972.37",-51.57,-1.71%,"2,954.20","2,901.54","2,985.93",
05-Mar-2020,"3,023.94",-106.18,-3.39%,"3,075.70","2,999.83","3,083.04",
04-Mar-2020,"3,130.12",+126.75,+4.22%,"3,045.75","3,034.38","3,130.97",
03-Mar-2020,"3,003.37",-86.86,-2.81%,"3,096.46","2,976.63","3,136.72",
02-Mar-2020,"3,090.23",+136.01,+4.60%,"2,974.28","2,945.19","3,090.96",
28-Feb-2020,"2,954.22",-24.54,-0.82%,"2,916.90","2,855.84","2,959.72",
27-Feb-2020,"2,978.76",-137.63,-4.42%,"3,062.54","2,977.39","3,097.07",
26-Feb-2020,"3,116.39",-11.82,-0.38%,"3,139.90","3,108.99","3,182.51",
25-Feb-2020,"3,128.21",-97.68,-3.03%,"3,238.94","3,118.77","3,246.99",
24-Feb-2020,"3,225.89",-111.86,-3.35%,"3,257.61","3,214.65","3,259.81",
21-Feb-2020,"3,337.75",-35.48,-1.05%,"3,360.50","3,328.45","3,360.76",
20-Feb-2020,"3,373.23",-12.92,-0.38%,"3,380.45","3,341.02","3,389.15",
19-Feb-2020,"3,386.15",+15.86,+0.47%,"3,380.39","3,378.83","3,393.52",
18-Feb-2020,"3,370.29",-9.87,-0.29%,"3,369.04","3,355.61","3,375.01",
14-Feb-2020,"3,380.16",+6.22,+0.18%,"3,378.08","3,366.15","3,380.69",
13-Feb-2020,"3,373.94",-5.51,-0.16%,"3,365.90","3,360.52","3,385.09",
12-Feb-2020,"3,379.45",+21.70,+0.65%,"3,370.50","3,369.72","3,381.47",
11-Feb-2020,"3,357.75",+5.66,+0.17%,"3,365.87","3,352.72","3,375.63",
10-Feb-2020,"3,352.09",+24.38,+0.73%,"3,318.28","3,317.77","3,352.26",
07-Feb-2020,"3,327.71",-18.07,-0.54%,"3,335.54","3,322.12","3,341.42",
06-Feb-2020,"3,345.78",+11.09,+0.33%,"3,344.92","3,334.39","3,347.96",
05-Feb-2020,"3,334.69",+37.10,+1.13%,"3,324.91","3,313.75","3,337.58",
04-Feb-2020,"3,297.59",+48.67,+1.50%,"3,280.61","3,280.61","3,306.92",
03-Feb-2020,"3,248.92",+23.40,+0.73%,"3,235.66","3,235.66","3,268.44",
31-Jan-2020,"3,225.52",-58.14,-1.77%,"3,282.33","3,214.68","3,282.33",
30-Jan-2020,"3,283.66",+10.26,+0.31%,"3,256.45","3,242.80","3,285.91",
29-Jan-2020,"3,273.40",-2.84,-0.09%,"3,289.46","3,271.89","3,293.47",
28-Jan-2020,"3,276.24",+32.61,+1.01%,"3,255.35","3,253.22","3,285.78",
27-Jan-2020,"3,243.63",-51.84,-1.57%,"3,247.16","3,234.50","3,258.85",
24-Jan-2020,"3,295.47",-30.07,-0.90%,"3,333.10","3,281.53","3,333.18",
23-Jan-2020,"3,325.54",+3.79,+0.11%,"3,315.77","3,301.87","3,326.88",
22-Jan-2020,"3,321.75",+0.96,+0.03%,"3,330.02","3,320.04","3,337.77",
21-Jan-2020,"3,320.79",-8.83,-0.27%,"3,321.03","3,316.61","3,329.79",
17-Jan-2020,"3,329.62",+12.81,+0.39%,"3,323.66","3,318.86","3,329.88",
16-Jan-2020,"3,316.81",+27.52,+0.84%,"3,302.97","3,302.82","3,317.11",
15-Jan-2020,"3,289.29",+6.14,+0.19%,"3,282.27","3,280.69","3,298.66",
14-Jan-2020,"3,283.15",-4.98,-0.15%,"3,285.35","3,277.19","3,294.25",
13-Jan-2020,"3,288.13",+22.78,+0.70%,"3,271.13","3,268.43","3,288.13",
10-Jan-2020,"3,265.35",-9.35,-0.29%,"3,281.81","3,260.86","3,282.99",
09-Jan-2020,"3,274.70",+21.65,+0.67%,"3,266.03","3,263.67","3,275.58",
08-Jan-2020,"3,253.05",+15.87,+0.49%,"3,238.59","3,236.67","3,267.07",
07-Jan-2020,"3,237.18",-9.10,-0.28%,"3,241.86","3,232.43","3,244.91",
06-Jan-2020,"3,246.28",+11.43,+0.35%,"3,217.55","3,214.64","3,246.84",
03-Jan-2020,"3,234.85",-23.00,-0.71%,"3,226.36","3,222.34","3,246.15",
02-Jan-2020,"3,257.85",+27.07,+0.84%,"3,244.67","3,235.53","3,258.14",
31-Dec-2019,"3,230.78",+9.49,+0.29%,"3,215.18","3,212.03","3,231.72",
30-Dec-2019,"3,221.29",-18.73,-0.58%,"3,240.09","3,216.57","3,240.92",
27-Dec-2019,"3,240.02",+0.11,+0.00%,"3,247.23","3,234.37","3,247.93",
26-Dec-2019,"3,239.91",+16.53,+0.51%,"3,227.20","3,227.20","3,240.08",
24-Dec-2019,"3,223.38",-0.63,-0.02%,"3,225.45","3,220.51","3,226.43",
23-Dec-2019,"3,224.01",+2.79,+0.09%,"3,226.05","3,222.30","3,227.78",
20-Dec-2019,"3,221.22",+15.85,+0.49%,"3,223.33","3,216.03","3,225.65",
19-Dec-2019,"3,205.37",+14.23,+0.45%,"3,192.32","3,192.32","3,205.48",
18-Dec-2019,"3,191.14",-1.38,-0.04%,"3,195.21","3,191.14","3,198.48",
17-Dec-2019,"3,192.52",+1.07,+0.03%,"3,195.40","3,191.03","3,198.22",
16-Dec-2019,"3,191.45",+22.65,+0.71%,"3,183.63","3,183.63","3,197.71",
13-Dec-2019,"3,168.80",+0.23,+0.01%,"3,166.65","3,156.51","3,182.68",
12-Dec-2019,"3,168.57",+26.94,+0.86%,"3,141.23","3,138.47","3,176.28",
11-Dec-2019,"3,141.63",+9.11,+0.29%,"3,135.75","3,133.21","3,143.98",
10-Dec-2019,"3,132.52",-3.44,-0.11%,"3,135.36","3,126.09","3,142.12",
09-Dec-2019,"3,135.96",-9.95,-0.32%,"3,141.86","3,135.46","3,148.87",
06-Dec-2019,"3,145.91",+28.48,+0.91%,"3,134.62","3,134.62","3,150.60",
05-Dec-2019,"3,117.43",+4.67,+0.15%,"3,119.21","3,103.76","3,119.45",
04-Dec-2019,"3,112.76",+19.56,+0.63%,"3,103.50","3,102.53","3,119.38",
03-Dec-2019,"3,093.20",-20.67,-0.66%,"3,087.41","3,070.33","3,094.97",
02-Dec-2019,"3,113.87",-27.11,-0.86%,"3,143.85","3,110.78","3,144.31",
29-Nov-2019,"3,140.98",-12.65,-0.40%,"3,147.18","3,139.34","3,150.30",
27-Nov-2019,"3,153.63",+13.11,+0.42%,"3,145.49","3,143.41","3,154.26",
26-Nov-2019,"3,140.52",+6.88,+0.22%,"3,134.85","3,131.00","3,142.69",
25-Nov-2019,"3,133.64",+23.35,+0.75%,"3,117.44","3,117.44","3,133.83",
22-Nov-2019,"3,110.29",+6.75,+0.22%,"3,111.41","3,099.26","3,112.87",
21-Nov-2019,"3,103.54",-4.92,-0.16%,"3,108.49","3,094.55","3,110.11",
20-Nov-2019,"3,108.46",-11.72,-0.38%,"3,114.66","3,091.41","3,118.97",
19-Nov-2019,"3,120.18",-1.85,-0.06%,"3,127.45","3,113.47","3,127.64",
18-Nov-2019,"3,122.03",+1.57,+0.05%,"3,117.91","3,112.06","3,124.17",
15-Nov-2019,"3,120.46",+23.83,+0.77%,"3,107.92","3,104.60","3,120.46",
14-Nov-2019,"3,096.63",+2.59,+0.08%,"3,090.75","3,083.26","3,098.20",
13-Nov-2019,"3,094.04",+2.20,+0.07%,"3,084.18","3,078.80","3,098.06",
12-Nov-2019,"3,091.84",+4.83,+0.16%,"3,089.28","3,084.73","3,102.61",
11-Nov-2019,"3,087.01",-6.07,-0.20%,"3,080.33","3,075.82","3,088.33",
08-Nov-2019,"3,093.08",+7.90,+0.26%,"3,081.25","3,073.58","3,093.09",
07-Nov-2019,"3,085.18",+8.40,+0.27%,"3,087.02","3,080.23","3,097.77",
06-Nov-2019,"3,076.78",+2.16,+0.07%,"3,075.10","3,065.89","3,078.34",
05-Nov-2019,"3,074.62",-3.65,-0.12%,"3,080.80","3,072.15","3,083.95",
04-Nov-2019,"3,078.27",+11.36,+0.37%,"3,078.96","3,074.87","3,085.20",
01-Nov-2019,"3,066.91",+29.35,+0.97%,"3,050.72","3,050.72","3,066.95",
31-Oct-2019,"3,037.56",-9.21,-0.30%,"3,046.90","3,023.19","3,046.90",
30-Oct-2019,"3,046.77",+9.88,+0.33%,"3,039.74","3,025.96","3,050.10",
29-Oct-2019,"3,036.89",-2.53,-0.08%,"3,035.39","3,034.81","3,047.87",
28-Oct-2019,"3,039.42",+16.87,+0.56%,"3,032.12","3,032.12","3,044.08",
25-Oct-2019,"3,022.55",+12.26,+0.41%,"3,003.32","3,001.94","3,027.39",
24-Oct-2019,"3,010.29",+5.77,+0.19%,"3,014.78","3,000.42","3,016.07",
23-Oct-2019,"3,004.52",+8.53,+0.28%,"2,994.01","2,991.21","3,004.78",
22-Oct-2019,"2,995.99",-10.73,-0.36%,"3,010.73","2,995.04","3,014.57",
21-Oct-2019,"3,006.72",+20.52,+0.69%,"2,996.48","2,995.35","3,007.33",
18-Oct-2019,"2,986.20",-11.75,-0.39%,"2,996.84","2,976.31","3,000.00",
17-Oct-2019,"2,997.95",+8.26,+0.28%,"3,000.77","2,991.79","3,008.29",
16-Oct-2019,"2,989.69",-5.99,-0.20%,"2,989.68","2,985.20","2,997.54",
15-Oct-2019,"2,995.68",+29.53,+1.00%,"2,973.61","2,973.61","3,003.28",
14-Oct-2019,"2,966.15",-4.12,-0.14%,"2,965.81","2,962.94","2,972.84",
11-Oct-2019,"2,970.27",+32.14,+1.09%,"2,963.07","2,963.07","2,993.28",
10-Oct-2019,"2,938.13",+18.73,+0.64%,"2,918.55","2,917.12","2,948.46",
09-Oct-2019,"2,919.40",+26.34,+0.91%,"2,911.10","2,907.41","2,929.32",
08-Oct-2019,"2,893.06",-45.73,-1.56%,"2,920.40","2,892.66","2,925.47",
07-Oct-2019,"2,938.79",-13.22,-0.45%,"2,944.23","2,935.68","2,959.75",
04-Oct-2019,"2,952.01",+41.38,+1.42%,"2,918.56","2,918.56","2,953.74",
03-Oct-2019,"2,910.63",+23.02,+0.80%,"2,885.38","2,855.94","2,911.13",
02-Oct-2019,"2,887.61",-52.64,-1.79%,"2,924.78","2,874.93","2,924.78",
01-Oct-2019,"2,940.25",-36.49,-1.23%,"2,983.69","2,938.70","2,992.53",
30-Sep-2019,"2,976.74",+14.95,+0.50%,"2,967.07","2,967.07","2,983.85",
27-Sep-2019,"2,961.79",-15.83,-0.53%,"2,985.47","2,945.53","2,987.31",
26-Sep-2019,"2,977.62",-7.25,-0.24%,"2,985.73","2,963.71","2,987.28",
25-Sep-2019,"2,984.87",+18.27,+0.62%,"2,968.35","2,952.86","2,989.82",
24-Sep-2019,"2,966.60",-25.18,-0.84%,"3,002.43","2,957.73","3,007.98",
23-Sep-2019,"2,991.78",-0.29,-0.01%,"2,983.50","2,982.23","2,999.15",
20-Sep-2019,"2,992.07",-14.72,-0.49%,"3,008.42","2,984.68","3,016.37",
19-Sep-2019,"3,006.79",+0.06,+0.00%,"3,010.36","3,003.16","3,021.99",
18-Sep-2019,"3,006.73",+1.03,+0.03%,"3,001.50","2,978.57","3,007.83",
17-Sep-2019,"3,005.70",+7.74,+0.26%,"2,995.67","2,993.73","3,006.21",
16-Sep-2019,"2,997.96",-9.43,-0.31%,"2,996.41","2,990.67","3,002.19",
13-Sep-2019,"3,007.39",-2.18,-0.07%,"3,012.21","3,002.90","3,017.33",
12-Sep-2019,"3,009.57",+8.64,+0.29%,"3,009.08","3,000.92","3,020.74",
11-Sep-2019,"3,000.93",+21.54,+0.72%,"2,981.41","2,975.31","3,000.93",
10-Sep-2019,"2,979.39",+0.96,+0.03%,"2,971.01","2,957.01","2,979.39",
09-Sep-2019,"2,978.43",-0.28,-0.01%,"2,988.43","2,969.39","2,989.43",
06-Sep-2019,"2,978.71",+2.71,+0.09%,"2,980.33","2,972.51","2,985.03",
05-Sep-2019,"2,976.00",+38.22,+1.30%,"2,960.60","2,960.60","2,985.86",
04-Sep-2019,"2,937.78",+31.51,+1.08%,"2,924.67","2,921.86","2,938.84",
03-Sep-2019,"2,906.27",-20.19,-0.69%,"2,909.01","2,891.85","2,914.39",
30-Aug-2019,"2,926.46",+1.88,+0.06%,"2,937.09","2,913.32","2,940.43",
29-Aug-2019,"2,924.58",+36.64,+1.27%,"2,910.37","2,905.67","2,930.50",
28-Aug-2019,"2,887.94",+18.78,+0.65%,"2,861.28","2,853.05","2,890.03",
27-Aug-2019,"2,869.16",-9.22,-0.32%,"2,893.14","2,860.59","2,898.79",
26-Aug-2019,"2,878.38",+31.27,+1.10%,"2,866.70","2,856.00","2,879.27",
23-Aug-2019,"2,847.11",-75.84,-2.59%,"2,911.07","2,834.97","2,927.01",
22-Aug-2019,"2,922.95",-1.48,-0.05%,"2,930.94","2,904.51","2,939.08",
21-Aug-2019,"2,924.43",+23.92,+0.82%,"2,922.04","2,917.91","2,928.73",
20-Aug-2019,"2,900.51",-23.14,-0.79%,"2,919.01","2,899.60","2,923.63",
19-Aug-2019,"2,923.65",+34.97,+1.21%,"2,913.48","2,913.48","2,931.00",
16-Aug-2019,"2,888.68",+41.08,+1.44%,"2,864.74","2,864.74","2,893.63",
15-Aug-2019,"2,847.60",+7.00,+0.25%,"2,846.20","2,825.51","2,856.67",
14-Aug-2019,"2,840.60",-85.72,-2.93%,"2,894.15","2,839.64","2,894.15",
13-Aug-2019,"2,926.32",+42.57,+1.48%,"2,880.72","2,877.05","2,943.31",
12-Aug-2019,"2,883.75",-34.90,-1.20%,"2,907.07","2,873.14","2,907.58",
09-Aug-2019,"2,918.65",-19.44,-0.66%,"2,930.51","2,900.15","2,935.75",
08-Aug-2019,"2,938.09",+54.11,+1.88%,"2,896.21","2,894.47","2,938.72",
07-Aug-2019,"2,883.98",+2.21,+0.08%,"2,858.65","2,825.71","2,892.17",
06-Aug-2019,"2,881.77",+37.03,+1.30%,"2,861.18","2,847.42","2,884.40",
05-Aug-2019,"2,844.74",-87.31,-2.98%,"2,898.07","2,822.12","2,898.07",
02-Aug-2019,"2,932.05",-21.51,-0.73%,"2,943.90","2,914.11","2,945.50",
01-Aug-2019,"2,953.56",-26.82,-0.90%,"2,980.32","2,945.23","3,013.59",
31-Jul-2019,"2,980.38",-32.80,-1.09%,"3,016.22","2,958.08","3,017.40",
30-Jul-2019,"3,013.18",-7.79,-0.26%,"3,007.66","3,000.94","3,017.19",
29-Jul-2019,"3,020.97",-4.89,-0.16%,"3,024.47","3,014.30","3,025.61",
26-Jul-2019,"3,025.86",+22.19,+0.74%,"3,013.25","3,012.59","3,027.98",
25-Jul-2019,"3,003.67",-15.89,-0.53%,"3,016.26","2,997.24","3,016.31",
24-Jul-2019,"3,019.56",+14.09,+0.47%,"2,998.77","2,996.82","3,019.59",
23-Jul-2019,"3,005.47",+20.44,+0.68%,"2,994.74","2,988.56","3,005.90",
22-Jul-2019,"2,985.03",+8.42,+0.28%,"2,981.93","2,976.65","2,990.71",
19-Jul-2019,"2,976.61",-18.50,-0.62%,"3,004.26","2,975.86","3,006.02",
18-Jul-2019,"2,995.11",+10.69,+0.36%,"2,978.87","2,973.09","2,998.28",
17-Jul-2019,"2,984.42",-19.62,-0.65%,"3,005.10","2,984.25","3,005.26",
16-Jul-2019,"3,004.04",-10.26,-0.34%,"3,012.13","3,001.15","3,015.02",
15-Jul-2019,"3,014.30",+0.53,+0.02%,"3,017.80","3,008.77","3,017.80",
12-Jul-2019,"3,013.77",+13.86,+0.46%,"3,003.36","3,001.87","3,013.92",
11-Jul-2019,"2,999.91",+6.84,+0.23%,"2,999.62","2,988.80","3,002.33",
10-Jul-2019,"2,993.07",+13.44,+0.45%,"2,989.30","2,984.62","3,002.98",
09-Jul-2019,"2,979.63",+3.68,+0.12%,"2,965.52","2,963.44","2,981.90",
08-Jul-2019,"2,975.95",-14.46,-0.48%,"2,979.77","2,970.09","2,980.76",
05-Jul-2019,"2,990.41",-5.41,-0.18%,"2,984.25","2,967.97","2,994.03",
03-Jul-2019,"2,995.82",+22.81,+0.77%,"2,978.08","2,977.96","2,995.84",
02-Jul-2019,"2,973.01",+8.68,+0.29%,"2,964.66","2,955.92","2,973.21",
01-Jul-2019,"2,964.33",+22.57,+0.77%,"2,971.41","2,952.22","2,977.93",
28-Jun-2019,"2,941.76",+16.84,+0.58%,"2,932.94","2,929.05","2,943.98",
27-Jun-2019,"2,924.92",+11.14,+0.38%,"2,919.66","2,918.57","2,929.30",
26-Jun-2019,"2,913.78",-3.60,-0.12%,"2,926.07","2,912.99","2,932.59",
25-Jun-2019,"2,917.38",-27.97,-0.95%,"2,945.78","2,916.01","2,946.52",
24-Jun-2019,"2,945.35",-5.11,-0.17%,"2,951.42","2,944.05","2,954.92",
21-Jun-2019,"2,950.46",-3.72,-0.13%,"2,952.71","2,946.87","2,964.15",
20-Jun-2019,"2,954.18",+27.72,+0.95%,"2,949.60","2,931.50","2,958.06",
19-Jun-2019,"2,926.46",+8.71,+0.30%,"2,920.55","2,911.43","2,931.74",
18-Jun-2019,"2,917.75",+28.08,+0.97%,"2,906.71","2,905.44","2,930.79",
17-Jun-2019,"2,889.67",+2.69,+0.09%,"2,889.75","2,887.30","2,897.27",
14-Jun-2019,"2,886.98",-4.66,-0.16%,"2,886.82","2,879.62","2,894.45",
13-Jun-2019,"2,891.64",+11.80,+0.41%,"2,886.24","2,881.99","2,895.24",
12-Jun-2019,"2,879.84",-5.88,-0.20%,"2,882.73","2,874.68","2,888.57",
11-Jun-2019,"2,885.72",-1.01,-0.03%,"2,903.27","2,878.53","2,910.61",
10-Jun-2019,"2,886.73",+13.39,+0.47%,"2,885.83","2,885.51","2,904.77",
07-Jun-2019,"2,873.34",+29.85,+1.05%,"2,852.87","2,852.87","2,884.97",
06-Jun-2019,"2,843.49",+17.34,+0.61%,"2,828.51","2,822.45","2,852.10",
05-Jun-2019,"2,826.15",+22.88,+0.82%,"2,818.09","2,800.92","2,827.28",
04-Jun-2019,"2,803.27",+58.82,+2.14%,"2,762.64","2,762.64","2,804.49",
03-Jun-2019,"2,744.45",-7.61,-0.28%,"2,751.53","2,728.81","2,763.07",
31-May-2019,"2,752.06",-36.80,-1.32%,"2,766.15","2,750.52","2,768.98",
30-May-2019,"2,788.86",+5.84,+0.21%,"2,786.94","2,776.74","2,799.00",
29-May-2019,"2,783.02",-19.37,-0.69%,"2,790.25","2,766.06","2,792.03",
28-May-2019,"2,802.39",-23.67,-0.84%,"2,830.03","2,801.58","2,840.51",
24-May-2019,"2,826.06",+3.82,+0.14%,"2,832.41","2,820.19","2,841.36",
23-May-2019,"2,822.24",-34.03,-1.19%,"2,836.70","2,805.49","2,836.70",
22-May-2019,"2,856.27",-8.09,-0.28%,"2,856.06","2,851.11","2,865.47",
21-May-2019,"2,864.36",+24.13,+0.85%,"2,854.02","2,854.02","2,868.88",
20-May-2019,"2,840.23",-19.30,-0.67%,"2,841.94","2,831.29","2,853.86",
17-May-2019,"2,859.53",-16.79,-0.58%,"2,858.60","2,854.23","2,885.48",
16-May-2019,"2,876.32",+25.36,+0.89%,"2,855.80","2,855.80","2,892.15",
15-May-2019,"2,850.96",+16.55,+0.58%,"2,820.38","2,815.08","2,858.68",
14-May-2019,"2,834.41",+22.54,+0.80%,"2,820.12","2,820.12","2,852.54",
13-May-2019,"2,811.87",-69.53,-2.41%,"2,840.19","2,801.43","2,840.19",
10-May-2019,"2,881.40",+10.68,+0.37%,"2,863.10","2,825.39","2,891.31",
09-May-2019,"2,870.72",-8.70,-0.30%,"2,859.84","2,836.40","2,875.97",
08-May-2019,"2,879.42",-4.63,-0.16%,"2,879.61","2,873.28","2,897.96",
07-May-2019,"2,884.05",-48.42,-1.65%,"2,913.03","2,862.60","2,913.03",
06-May-2019,"2,932.47",-13.17,-0.45%,"2,908.89","2,898.21","2,937.32",
03-May-2019,"2,945.64",+28.12,+0.96%,"2,929.21","2,929.21","2,947.85",
02-May-2019,"2,917.52",-6.21,-0.21%,"2,922.16","2,900.50","2,931.68",
01-May-2019,"2,923.73",-22.10,-0.75%,"2,952.33","2,923.36","2,954.13",
30-Apr-2019,"2,945.83",+2.80,+0.10%,"2,937.14","2,924.11","2,948.22",
29-Apr-2019,"2,943.03",+3.15,+0.11%,"2,940.58","2,939.35","2,949.52",
26-Apr-2019,"2,939.88",+13.71,+0.47%,"2,925.81","2,917.56","2,939.88",
25-Apr-2019,"2,926.17",-1.08,-0.04%,"2,928.99","2,912.84","2,933.10",
24-Apr-2019,"2,927.25",-6.43,-0.22%,"2,934.00","2,926.05","2,936.83",
23-Apr-2019,"2,933.68",+25.71,+0.88%,"2,909.99","2,908.53","2,936.31",
22-Apr-2019,"2,907.97",+2.94,+0.10%,"2,898.78","2,896.35","2,909.51",
18-Apr-2019,"2,905.03",+4.58,+0.16%,"2,904.81","2,891.90","2,908.40",
17-Apr-2019,"2,900.45",-6.61,-0.23%,"2,916.04","2,895.45","2,918.00",
16-Apr-2019,"2,907.06",+1.48,+0.05%,"2,912.26","2,900.71","2,916.06",
15-Apr-2019,"2,905.58",-1.83,-0.06%,"2,908.32","2,896.48","2,909.60",
12-Apr-2019,"2,907.41",+19.09,+0.66%,"2,900.86","2,898.37","2,910.54",
11-Apr-2019,"2,888.32",+0.11,+0.00%,"2,891.92","2,881.99","2,893.42",
10-Apr-2019,"2,888.21",+10.01,+0.35%,"2,881.37","2,879.13","2,889.71",
09-Apr-2019,"2,878.20",-17.57,-0.61%,"2,886.58","2,873.33","2,886.88",
08-Apr-2019,"2,895.77",+3.03,+0.10%,"2,888.46","2,880.78","2,895.95",
05-Apr-2019,"2,892.74",+13.35,+0.46%,"2,884.16","2,882.99","2,893.24",
04-Apr-2019,"2,879.39",+5.99,+0.21%,"2,873.99","2,867.14","2,881.28",
03-Apr-2019,"2,873.40",+6.16,+0.21%,"2,876.09","2,865.17","2,885.25",
02-Apr-2019,"2,867.24",+0.05,+0.00%,"2,868.24","2,858.75","2,872.90",
01-Apr-2019,"2,867.19",+32.79,+1.16%,"2,848.63","2,848.63","2,869.40",
29-Mar-2019,"2,834.40",+18.96,+0.67%,"2,828.27","2,819.23","2,836.03",
28-Mar-2019,"2,815.44",+10.07,+0.36%,"2,809.40","2,798.77","2,819.71",
27-Mar-2019,"2,805.37",-13.09,-0.46%,"2,819.72","2,787.72","2,825.56",
26-Mar-2019,"2,818.46",+20.10,+0.72%,"2,812.66","2,803.99","2,829.87",
25-Mar-2019,"2,798.36",-2.35,-0.08%,"2,796.01","2,785.02","2,809.79",
22-Mar-2019,"2,800.71",-54.17,-1.90%,"2,844.52","2,800.47","2,846.16",
21-Mar-2019,"2,854.88",+30.65,+1.09%,"2,819.72","2,817.38","2,860.31",
20-Mar-2019,"2,824.23",-8.34,-0.29%,"2,831.34","2,812.43","2,843.54",
19-Mar-2019,"2,832.57",-0.37,-0.01%,"2,840.76","2,823.27","2,852.42",
18-Mar-2019,"2,832.94",+10.46,+0.37%,"2,822.61","2,821.99","2,835.41",
15-Mar-2019,"2,822.48",+14.00,+0.50%,"2,810.79","2,810.79","2,830.73",
14-Mar-2019,"2,808.48",-2.44,-0.09%,"2,810.38","2,803.46","2,815.00",
13-Mar-2019,"2,810.92",+19.40,+0.69%,"2,799.78","2,799.78","2,821.24",
12-Mar-2019,"2,791.52",+8.22,+0.30%,"2,787.34","2,786.73","2,798.32",
11-Mar-2019,"2,783.30",+40.23,+1.47%,"2,747.61","2,747.61","2,784.00",
08-Mar-2019,"2,743.07",-5.86,-0.21%,"2,730.79","2,722.27","2,744.13",
07-Mar-2019,"2,748.93",-22.52,-0.81%,"2,766.53","2,739.09","2,767.25",
06-Mar-2019,"2,771.45",-18.20,-0.65%,"2,790.27","2,768.69","2,790.27",
05-Mar-2019,"2,789.65",-3.16,-0.11%,"2,794.41","2,782.97","2,796.44",
04-Mar-2019,"2,792.81",-10.88,-0.39%,"2,814.37","2,767.66","2,816.88",
01-Mar-2019,"2,803.69",+19.20,+0.69%,"2,798.22","2,787.38","2,808.02",
28-Feb-2019,"2,784.49",-7.89,-0.28%,"2,788.11","2,782.51","2,793.73",
27-Feb-2019,"2,792.38",-1.52,-0.05%,"2,787.50","2,775.13","2,795.76",
26-Feb-2019,"2,793.90",-2.21,-0.08%,"2,792.36","2,789.47","2,803.12",
25-Feb-2019,"2,796.11",+3.44,+0.12%,"2,804.35","2,794.99","2,813.49",
22-Feb-2019,"2,792.67",+17.79,+0.64%,"2,780.67","2,779.11","2,794.20",
21-Feb-2019,"2,774.88",-9.82,-0.35%,"2,780.24","2,764.55","2,781.58",
20-Feb-2019,"2,784.70",+4.94,+0.18%,"2,779.05","2,774.06","2,789.88",
19-Feb-2019,"2,779.76",+4.16,+0.15%,"2,769.28","2,767.29","2,787.33",
15-Feb-2019,"2,775.60",+29.87,+1.09%,"2,760.24","2,760.24","2,775.66",
14-Feb-2019,"2,745.73",-7.30,-0.27%,"2,743.50","2,731.23","2,757.90",
13-Feb-2019,"2,753.03",+8.30,+0.30%,"2,750.30","2,748.63","2,761.85",
12-Feb-2019,"2,744.73",+34.93,+1.29%,"2,722.61","2,722.61","2,748.19",
11-Feb-2019,"2,709.80",+1.92,+0.07%,"2,712.40","2,703.79","2,718.05",
08-Feb-2019,"2,707.88",+1.83,+0.07%,"2,692.36","2,681.83","2,708.07",
07-Feb-2019,"2,706.05",-25.56,-0.94%,"2,717.53","2,687.26","2,719.32",
06-Feb-2019,"2,731.61",-6.09,-0.22%,"2,735.05","2,724.15","2,738.08",
05-Feb-2019,"2,737.70",+12.83,+0.47%,"2,728.34","2,724.03","2,738.98",
04-Feb-2019,"2,724.87",+18.34,+0.68%,"2,706.49","2,698.75","2,724.99",
01-Feb-2019,"2,706.53",+2.43,+0.09%,"2,702.32","2,696.88","2,716.66",
31-Jan-2019,"2,704.10",+23.05,+0.86%,"2,685.49","2,678.65","2,708.95",
30-Jan-2019,"2,681.05",+41.05,+1.55%,"2,653.62","2,648.34","2,690.44",
29-Jan-2019,"2,640.00",-3.85,-0.15%,"2,644.89","2,631.05","2,650.93",
28-Jan-2019,"2,643.85",-20.91,-0.78%,"2,644.97","2,624.06","2,644.97",
25-Jan-2019,"2,664.76",+22.43,+0.85%,"2,657.44","2,657.33","2,672.38",
24-Jan-2019,"2,642.33",+3.63,+0.14%,"2,638.84","2,627.01","2,647.20",
23-Jan-2019,"2,638.70",+5.80,+0.22%,"2,643.48","2,612.86","2,653.19",
22-Jan-2019,"2,632.90",-37.81,-1.42%,"2,657.88","2,617.27","2,657.88",
18-Jan-2019,"2,670.71",+34.75,+1.32%,"2,651.27","2,647.58","2,675.47",
17-Jan-2019,"2,635.96",+19.86,+0.76%,"2,609.28","2,606.36","2,645.06",
16-Jan-2019,"2,616.10",+5.80,+0.22%,"2,614.75","2,612.68","2,625.76",
15-Jan-2019,"2,610.30",+27.69,+1.07%,"2,585.10","2,585.10","2,613.08",
14-Jan-2019,"2,582.61",-13.65,-0.53%,"2,580.31","2,570.41","2,589.32",
11-Jan-2019,"2,596.26",-0.38,-0.01%,"2,588.11","2,577.40","2,596.27",
10-Jan-2019,"2,596.64",+11.68,+0.45%,"2,573.51","2,562.02","2,597.82",
09-Jan-2019,"2,584.96",+10.55,+0.41%,"2,580.00","2,568.89","2,595.32",
08-Jan-2019,"2,574.41",+24.72,+0.97%,"2,568.11","2,547.56","2,579.82",
07-Jan-2019,"2,549.69",+17.75,+0.70%,"2,535.61","2,524.56","2,566.16",
04-Jan-2019,"2,531.94",+84.05,+3.43%,"2,474.33","2,474.33","2,538.07",
03-Jan-2019,"2,447.89",-62.14,-2.48%,"2,491.92","2,443.96","2,493.14",
02-Jan-2019,"2,510.03",+3.18,+0.13%,"2,476.96","2,467.47","2,519.49",
31-Dec-2018,"2,506.85",+21.11,+0.85%,"2,498.94","2,482.82","2,509.24",
28-Dec-2018,"2,485.74",-3.09,-0.12%,"2,498.77","2,472.89","2,520.27",
27-Dec-2018,"2,488.83",+21.13,+0.86%,"2,442.50","2,397.94","2,489.10",
26-Dec-2018,"2,467.70",+116.60,+4.96%,"2,363.12","2,346.58","2,467.76",
24-Dec-2018,"2,351.10",-65.52,-2.71%,"2,400.56","2,351.10","2,410.34",
21-Dec-2018,"2,416.62",-50.80,-2.06%,"2,465.38","2,408.55","2,504.41",
20-Dec-2018,"2,467.42",-39.54,-1.58%,"2,496.77","2,441.18","2,509.63",
19-Dec-2018,"2,506.96",-39.20,-1.54%,"2,547.05","2,488.96","2,585.29",
18-Dec-2018,"2,546.16",+0.22,+0.01%,"2,559.90","2,528.71","2,573.99",
17-Dec-2018,"2,545.94",-54.01,-2.08%,"2,590.75","2,530.54","2,601.13",
14-Dec-2018,"2,599.95",-50.59,-1.91%,"2,629.68","2,593.84","2,635.07",
13-Dec-2018,"2,650.54",-0.53,-0.02%,"2,658.70","2,637.27","2,670.19",
12-Dec-2018,"2,651.07",+14.29,+0.54%,"2,658.23","2,650.26","2,685.44",
11-Dec-2018,"2,636.78",-0.94,-0.04%,"2,664.44","2,621.30","2,674.35",
10-Dec-2018,"2,637.72",+4.64,+0.18%,"2,630.86","2,583.23","2,647.51",
07-Dec-2018,"2,633.08",-62.87,-2.33%,"2,691.26","2,623.14","2,708.54",
06-Dec-2018,"2,695.95",-4.11,-0.15%,"2,663.51","2,621.53","2,696.15",
04-Dec-2018,"2,700.06",-90.31,-3.24%,"2,782.43","2,697.18","2,785.93",
03-Dec-2018,"2,790.37",+30.20,+1.09%,"2,790.50","2,773.38","2,800.18",
30-Nov-2018,"2,760.17",+22.41,+0.82%,"2,737.76","2,732.76","2,760.88",
29-Nov-2018,"2,737.76",-6.03,-0.22%,"2,736.97","2,722.94","2,753.75",
28-Nov-2018,"2,743.79",+61.62,+2.30%,"2,691.45","2,684.38","2,744.00",
27-Nov-2018,"2,682.17",+8.72,+0.33%,"2,663.75","2,655.89","2,682.53",
26-Nov-2018,"2,673.45",+40.89,+1.55%,"2,649.97","2,649.97","2,674.35",
23-Nov-2018,"2,632.56",-17.37,-0.66%,"2,633.36","2,631.09","2,647.55",
21-Nov-2018,"2,649.93",+8.04,+0.30%,"2,657.74","2,649.82","2,670.73",
20-Nov-2018,"2,641.89",-48.84,-1.82%,"2,654.60","2,631.52","2,669.44",
19-Nov-2018,"2,690.73",-45.54,-1.66%,"2,730.74","2,681.09","2,733.16",
16-Nov-2018,"2,736.27",+6.07,+0.22%,"2,718.54","2,712.16","2,746.75",
15-Nov-2018,"2,730.20",+28.62,+1.06%,"2,693.52","2,670.75","2,735.38",
14-Nov-2018,"2,701.58",-20.60,-0.76%,"2,737.90","2,685.75","2,746.80",
13-Nov-2018,"2,722.18",-4.04,-0.15%,"2,730.05","2,714.98","2,754.60",
12-Nov-2018,"2,726.22",-54.79,-1.97%,"2,773.93","2,722.00","2,775.99",
09-Nov-2018,"2,781.01",-25.82,-0.92%,"2,794.10","2,764.24","2,794.10",
08-Nov-2018,"2,806.83",-7.06,-0.25%,"2,806.38","2,794.99","2,814.75",
07-Nov-2018,"2,813.89",+58.44,+2.12%,"2,774.13","2,774.13","2,815.15",
06-Nov-2018,"2,755.45",+17.14,+0.63%,"2,738.40","2,737.08","2,756.82",
05-Nov-2018,"2,738.31",+15.25,+0.56%,"2,726.37","2,717.94","2,744.27",
02-Nov-2018,"2,723.06",-17.31,-0.63%,"2,745.45","2,700.44","2,756.55",
01-Nov-2018,"2,740.37",+28.63,+1.06%,"2,717.58","2,708.85","2,741.67",
31-Oct-2018,"2,711.74",+29.11,+1.09%,"2,705.60","2,705.60","2,736.69",
30-Oct-2018,"2,682.63",+41.38,+1.57%,"2,640.68","2,635.34","2,685.43",
29-Oct-2018,"2,641.25",-17.44,-0.66%,"2,682.65","2,603.54","2,706.85",
26-Oct-2018,"2,658.69",-46.88,-1.73%,"2,667.86","2,628.16","2,692.38",
25-Oct-2018,"2,705.57",+49.47,+1.86%,"2,674.88","2,667.84","2,722.70",
24-Oct-2018,"2,656.10",-84.59,-3.09%,"2,737.87","2,651.89","2,742.59",
23-Oct-2018,"2,740.69",-15.19,-0.55%,"2,721.03","2,691.43","2,753.59",
22-Oct-2018,"2,755.88",-11.90,-0.43%,"2,773.94","2,749.22","2,778.94",
19-Oct-2018,"2,767.78",-1.00,-0.04%,"2,775.66","2,760.27","2,797.77",
18-Oct-2018,"2,768.78",-40.43,-1.44%,"2,802.00","2,755.18","2,806.04",
17-Oct-2018,"2,809.21",-0.71,-0.03%,"2,811.67","2,781.81","2,816.94",
16-Oct-2018,"2,809.92",+59.13,+2.15%,"2,767.05","2,766.91","2,813.46",
15-Oct-2018,"2,750.79",-16.34,-0.59%,"2,763.83","2,749.03","2,775.99",
12-Oct-2018,"2,767.13",+38.76,+1.42%,"2,770.54","2,729.44","2,775.77",
11-Oct-2018,"2,728.37",-57.31,-2.06%,"2,776.87","2,710.51","2,795.14",
10-Oct-2018,"2,785.68",-94.66,-3.29%,"2,873.90","2,784.86","2,874.02",
09-Oct-2018,"2,880.34",-4.09,-0.14%,"2,882.51","2,874.27","2,894.83",
08-Oct-2018,"2,884.43",-1.14,-0.04%,"2,877.53","2,862.08","2,889.45",
05-Oct-2018,"2,885.57",-16.04,-0.55%,"2,902.54","2,869.29","2,909.64",
04-Oct-2018,"2,901.61",-23.90,-0.82%,"2,919.35","2,883.92","2,919.78",
03-Oct-2018,"2,925.51",+2.08,+0.07%,"2,931.69","2,921.36","2,939.86",
02-Oct-2018,"2,923.43",-1.16,-0.04%,"2,923.80","2,919.37","2,931.42",
01-Oct-2018,"2,924.59",+10.61,+0.36%,"2,926.29","2,917.91","2,937.06",
28-Sep-2018,"2,913.98",-0.02,-0.00%,"2,910.03","2,907.50","2,920.53",
27-Sep-2018,"2,914.00",+8.03,+0.28%,"2,911.65","2,909.27","2,927.22",
26-Sep-2018,"2,905.97",-9.59,-0.33%,"2,916.98","2,903.28","2,931.15",
25-Sep-2018,"2,915.56",-3.81,-0.13%,"2,921.75","2,913.70","2,923.95",
24-Sep-2018,"2,919.37",-10.30,-0.35%,"2,921.83","2,912.63","2,923.79",
21-Sep-2018,"2,929.67",-1.08,-0.04%,"2,936.76","2,927.11","2,940.91",
20-Sep-2018,"2,930.75",+22.80,+0.78%,"2,919.73","2,919.73","2,934.80",
19-Sep-2018,"2,907.95",+3.64,+0.13%,"2,906.60","2,903.82","2,912.36",
18-Sep-2018,"2,904.31",+15.51,+0.54%,"2,890.74","2,890.43","2,911.17",
17-Sep-2018,"2,888.80",-16.18,-0.56%,"2,903.83","2,886.16","2,904.65",
14-Sep-2018,"2,904.98",+0.80,+0.03%,"2,906.38","2,895.77","2,908.30",
13-Sep-2018,"2,904.18",+15.26,+0.53%,"2,896.85","2,896.39","2,906.76",
12-Sep-2018,"2,888.92",+1.03,+0.04%,"2,888.29","2,879.20","2,894.65",
11-Sep-2018,"2,887.89",+10.76,+0.37%,"2,871.57","2,866.78","2,892.52",
10-Sep-2018,"2,877.13",+5.45,+0.19%,"2,881.39","2,875.94","2,886.93",
07-Sep-2018,"2,871.68",-6.37,-0.22%,"2,868.26","2,864.12","2,883.81",
06-Sep-2018,"2,878.05",-10.55,-0.37%,"2,888.64","2,867.29","2,892.05",
05-Sep-2018,"2,888.60",-8.12,-0.28%,"2,891.59","2,876.92","2,894.21",
04-Sep-2018,"2,896.72",-4.80,-0.17%,"2,896.96","2,885.13","2,900.18",
31-Aug-2018,"2,901.52",+0.39,+0.01%,"2,898.37","2,891.73","2,906.32",
30-Aug-2018,"2,901.13",-12.91,-0.44%,"2,908.94","2,895.22","2,912.46",
29-Aug-2018,"2,914.04",+16.52,+0.57%,"2,900.62","2,898.40","2,916.50",
28-Aug-2018,"2,897.52",+0.78,+0.03%,"2,901.45","2,893.50","2,903.77",
27-Aug-2018,"2,896.74",+22.05,+0.77%,"2,884.69","2,884.69","2,898.25",
24-Aug-2018,"2,874.69",+17.71,+0.62%,"2,862.35","2,862.35","2,876.16",
23-Aug-2018,"2,856.98",-4.84,-0.17%,"2,860.29","2,854.03","2,868.78",
22-Aug-2018,"2,861.82",-1.14,-0.04%,"2,860.99","2,856.05","2,867.54",
21-Aug-2018,"2,862.96",+5.91,+0.21%,"2,861.51","2,861.32","2,873.23",
20-Aug-2018,"2,857.05",+6.92,+0.24%,"2,853.93","2,850.62","2,859.76",
17-Aug-2018,"2,850.13",+9.44,+0.33%,"2,838.32","2,833.73","2,855.63",
16-Aug-2018,"2,840.69",+22.32,+0.79%,"2,831.44","2,831.44","2,850.49",
15-Aug-2018,"2,818.37",-21.59,-0.76%,"2,827.95","2,802.49","2,827.95",
14-Aug-2018,"2,839.96",+18.03,+0.64%,"2,827.88","2,826.58","2,843.11",
13-Aug-2018,"2,821.93",-11.35,-0.40%,"2,835.46","2,819.88","2,843.40",
10-Aug-2018,"2,833.28",-20.30,-0.71%,"2,839.64","2,825.81","2,842.20",
09-Aug-2018,"2,853.58",-4.12,-0.14%,"2,857.19","2,851.98","2,862.48",
08-Aug-2018,"2,857.70",-0.75,-0.03%,"2,856.79","2,853.09","2,862.44",
07-Aug-2018,"2,858.45",+8.05,+0.28%,"2,855.92","2,855.92","2,863.43",
06-Aug-2018,"2,850.40",+10.05,+0.35%,"2,840.29","2,835.98","2,853.29",
03-Aug-2018,"2,840.35",+13.13,+0.46%,"2,829.62","2,827.37","2,840.38",
02-Aug-2018,"2,827.22",+13.86,+0.49%,"2,800.48","2,796.34","2,829.91",
01-Aug-2018,"2,813.36",-2.93,-0.10%,"2,821.17","2,805.85","2,825.83",
31-Jul-2018,"2,816.29",+13.69,+0.49%,"2,809.73","2,808.06","2,824.46",
30-Jul-2018,"2,802.60",-16.22,-0.58%,"2,819.00","2,798.11","2,821.74",
27-Jul-2018,"2,818.82",-18.62,-0.66%,"2,842.35","2,808.34","2,843.17",
26-Jul-2018,"2,837.44",-8.63,-0.30%,"2,835.49","2,835.26","2,845.57",
25-Jul-2018,"2,846.07",+25.67,+0.91%,"2,817.73","2,817.73","2,848.03",
24-Jul-2018,"2,820.40",+13.42,+0.48%,"2,820.68","2,811.12","2,829.99",
23-Jul-2018,"2,806.98",+5.15,+0.18%,"2,799.17","2,795.14","2,808.61",
20-Jul-2018,"2,801.83",-2.66,-0.09%,"2,804.55","2,800.01","2,809.70",
19-Jul-2018,"2,804.49",-11.13,-0.40%,"2,809.37","2,799.77","2,812.05",
18-Jul-2018,"2,815.62",+6.07,+0.22%,"2,811.35","2,805.89","2,816.76",
17-Jul-2018,"2,809.55",+11.12,+0.40%,"2,789.34","2,789.24","2,814.19",
16-Jul-2018,"2,798.43",-2.88,-0.10%,"2,801.43","2,793.39","2,803.71",
13-Jul-2018,"2,801.31",+3.02,+0.11%,"2,796.93","2,791.69","2,804.53",
12-Jul-2018,"2,798.29",+24.27,+0.87%,"2,783.14","2,781.53","2,799.22",
11-Jul-2018,"2,774.02",-19.82,-0.71%,"2,779.82","2,770.77","2,785.91",
10-Jul-2018,"2,793.84",+9.67,+0.35%,"2,788.56","2,786.24","2,795.58",
09-Jul-2018,"2,784.17",+24.35,+0.88%,"2,768.51","2,768.51","2,784.65",
06-Jul-2018,"2,759.82",+23.21,+0.85%,"2,737.68","2,733.52","2,764.41",
05-Jul-2018,"2,736.61",+23.39,+0.86%,"2,724.19","2,716.02","2,737.83",
03-Jul-2018,"2,713.22",-13.49,-0.49%,"2,733.27","2,711.16","2,736.58",
02-Jul-2018,"2,726.71",+8.34,+0.31%,"2,704.95","2,698.95","2,727.26",
29-Jun-2018,"2,718.37",+2.06,+0.08%,"2,727.13","2,718.03","2,743.26",
28-Jun-2018,"2,716.31",+16.68,+0.62%,"2,698.69","2,691.99","2,724.34",
27-Jun-2018,"2,699.63",-23.43,-0.86%,"2,728.45","2,699.38","2,746.09",
26-Jun-2018,"2,723.06",+5.99,+0.22%,"2,722.12","2,715.60","2,732.91",
25-Jun-2018,"2,717.07",-37.81,-1.37%,"2,742.94","2,698.67","2,742.94",
22-Jun-2018,"2,754.88",+5.12,+0.19%,"2,760.79","2,752.68","2,764.17",
21-Jun-2018,"2,749.76",-17.56,-0.63%,"2,769.28","2,744.39","2,769.28",
20-Jun-2018,"2,767.32",+4.73,+0.17%,"2,769.73","2,763.91","2,774.86",
19-Jun-2018,"2,762.59",-11.16,-0.40%,"2,752.01","2,743.19","2,765.05",
18-Jun-2018,"2,773.75",-5.91,-0.21%,"2,765.79","2,757.12","2,774.99",
15-Jun-2018,"2,779.66",-2.83,-0.10%,"2,777.78","2,761.73","2,782.81",
14-Jun-2018,"2,782.49",+6.86,+0.25%,"2,783.21","2,776.52","2,789.06",
13-Jun-2018,"2,775.63",-11.22,-0.40%,"2,787.94","2,774.65","2,791.47",
12-Jun-2018,"2,786.85",+4.85,+0.17%,"2,785.60","2,778.78","2,789.80",
11-Jun-2018,"2,782.00",+2.97,+0.11%,"2,780.18","2,780.17","2,790.21",
08-Jun-2018,"2,779.03",+8.66,+0.31%,"2,765.84","2,763.59","2,779.39",
07-Jun-2018,"2,770.37",-1.98,-0.07%,"2,774.84","2,760.16","2,779.90",
06-Jun-2018,"2,772.35",+23.55,+0.86%,"2,753.25","2,748.46","2,772.39",
05-Jun-2018,"2,748.80",+1.93,+0.07%,"2,748.46","2,739.51","2,752.61",
04-Jun-2018,"2,746.87",+12.25,+0.45%,"2,741.67","2,740.54","2,749.16",
01-Jun-2018,"2,734.62",+29.35,+1.08%,"2,718.70","2,718.70","2,736.93",
31-May-2018,"2,705.27",-18.74,-0.69%,"2,720.98","2,700.68","2,722.50",
30-May-2018,"2,724.01",+34.15,+1.27%,"2,702.43","2,702.43","2,729.34",
29-May-2018,"2,689.86",-31.47,-1.16%,"2,705.11","2,676.81","2,710.67",
25-May-2018,"2,721.33",-6.43,-0.24%,"2,723.60","2,714.99","2,727.36",
24-May-2018,"2,727.76",-5.53,-0.20%,"2,730.94","2,707.38","2,731.97",
23-May-2018,"2,733.29",+8.85,+0.32%,"2,713.98","2,709.54","2,733.33",
22-May-2018,"2,724.44",-8.57,-0.31%,"2,738.34","2,721.88","2,742.24",
21-May-2018,"2,733.01",+20.04,+0.74%,"2,725.95","2,725.70","2,739.19",
18-May-2018,"2,712.97",-7.16,-0.26%,"2,717.35","2,709.18","2,719.50",
17-May-2018,"2,720.13",-2.33,-0.09%,"2,719.71","2,711.36","2,731.96",
16-May-2018,"2,722.46",+11.01,+0.41%,"2,712.62","2,712.17","2,727.76",
15-May-2018,"2,711.45",-18.68,-0.68%,"2,718.59","2,701.91","2,718.59",
14-May-2018,"2,730.13",+2.41,+0.09%,"2,733.37","2,725.47","2,742.10",
11-May-2018,"2,727.72",+4.65,+0.17%,"2,722.70","2,717.45","2,732.86",
10-May-2018,"2,723.07",+25.28,+0.94%,"2,705.02","2,704.54","2,726.11",
09-May-2018,"2,697.79",+25.87,+0.97%,"2,678.12","2,674.14","2,701.27",
08-May-2018,"2,671.92",-0.71,-0.03%,"2,670.26","2,655.20","2,676.34",
07-May-2018,"2,672.63",+9.21,+0.35%,"2,669.36","2,664.70","2,683.35",
04-May-2018,"2,663.42",+33.69,+1.28%,"2,621.45","2,615.32","2,670.93",
03-May-2018,"2,629.73",-5.94,-0.23%,"2,628.08","2,594.62","2,637.14",
02-May-2018,"2,635.67",-19.13,-0.72%,"2,654.24","2,631.70","2,660.87",
01-May-2018,"2,654.80",+6.75,+0.25%,"2,643.64","2,625.41","2,655.27",
30-Apr-2018,"2,648.05",-21.86,-0.82%,"2,675.05","2,648.04","2,682.92",
27-Apr-2018,"2,669.91",+2.97,+0.11%,"2,675.47","2,659.01","2,677.35",
26-Apr-2018,"2,666.94",+27.54,+1.04%,"2,651.65","2,647.16","2,676.48",
25-Apr-2018,"2,639.40",+4.84,+0.18%,"2,634.92","2,612.67","2,645.30",
24-Apr-2018,"2,634.56",-35.73,-1.34%,"2,680.80","2,617.32","2,683.55",
23-Apr-2018,"2,670.29",+0.15,+0.01%,"2,675.40","2,657.99","2,682.86",
20-Apr-2018,"2,670.14",-22.99,-0.85%,"2,692.56","2,660.61","2,693.94",
19-Apr-2018,"2,693.13",-15.51,-0.57%,"2,701.16","2,681.90","2,702.84",
18-Apr-2018,"2,708.64",+2.25,+0.08%,"2,710.11","2,703.63","2,717.49",
17-Apr-2018,"2,706.39",+28.55,+1.07%,"2,692.74","2,692.05","2,713.34",
16-Apr-2018,"2,677.84",+21.54,+0.81%,"2,670.10","2,665.16","2,686.49",
13-Apr-2018,"2,656.30",-7.69,-0.29%,"2,676.90","2,645.05","2,680.26",
12-Apr-2018,"2,663.99",+21.80,+0.83%,"2,653.83","2,653.83","2,674.72",
11-Apr-2018,"2,642.19",-14.68,-0.55%,"2,643.89","2,639.25","2,661.43",
10-Apr-2018,"2,656.87",+43.71,+1.67%,"2,638.41","2,635.78","2,665.45",
09-Apr-2018,"2,613.16",+8.69,+0.33%,"2,617.18","2,610.79","2,653.55",
06-Apr-2018,"2,604.47",-58.37,-2.19%,"2,645.82","2,586.27","2,656.88",
05-Apr-2018,"2,662.84",+18.15,+0.69%,"2,657.36","2,649.58","2,672.08",
04-Apr-2018,"2,644.69",+30.24,+1.16%,"2,584.04","2,573.61","2,649.86",
03-Apr-2018,"2,614.45",+32.57,+1.26%,"2,592.17","2,575.49","2,619.14",
02-Apr-2018,"2,581.88",-58.99,-2.23%,"2,633.45","2,553.80","2,638.30",
29-Mar-2018,"2,640.87",+35.87,+1.38%,"2,614.41","2,609.72","2,659.07",
28-Mar-2018,"2,605.00",-7.62,-0.29%,"2,611.30","2,593.06","2,632.65",
27-Mar-2018,"2,612.62",-45.93,-1.73%,"2,667.57","2,596.12","2,674.78",
26-Mar-2018,"2,658.55",+70.29,+2.72%,"2,619.35","2,601.81","2,661.36",
23-Mar-2018,"2,588.26",-55.43,-2.10%,"2,646.71","2,585.89","2,657.67",
22-Mar-2018,"2,643.69",-68.24,-2.52%,"2,691.36","2,641.59","2,695.68",
21-Mar-2018,"2,711.93",-5.01,-0.18%,"2,714.99","2,709.79","2,739.14",
20-Mar-2018,"2,716.94",+4.02,+0.15%,"2,715.05","2,710.05","2,724.22",
19-Mar-2018,"2,712.92",-39.09,-1.42%,"2,741.38","2,694.59","2,741.38",
16-Mar-2018,"2,752.01",+4.68,+0.17%,"2,750.57","2,749.97","2,761.85",
15-Mar-2018,"2,747.33",-2.15,-0.08%,"2,754.27","2,741.47","2,763.03",
14-Mar-2018,"2,749.48",-15.83,-0.57%,"2,774.06","2,744.38","2,777.11",
13-Mar-2018,"2,765.31",-17.71,-0.64%,"2,792.31","2,758.68","2,801.90",
12-Mar-2018,"2,783.02",-3.55,-0.13%,"2,790.54","2,779.26","2,796.98",
09-Mar-2018,"2,786.57",+47.60,+1.74%,"2,752.91","2,751.54","2,786.57",
08-Mar-2018,"2,738.97",+12.17,+0.45%,"2,732.75","2,722.65","2,740.45",
07-Mar-2018,"2,726.80",-1.32,-0.05%,"2,710.18","2,701.74","2,730.60",
06-Mar-2018,"2,728.12",+7.18,+0.26%,"2,730.18","2,711.26","2,732.08",
05-Mar-2018,"2,720.94",+29.69,+1.10%,"2,681.06","2,675.75","2,728.09",
02-Mar-2018,"2,691.25",+13.58,+0.51%,"2,658.89","2,647.32","2,696.25",
01-Mar-2018,"2,677.67",-36.16,-1.33%,"2,715.22","2,659.65","2,730.89",
28-Feb-2018,"2,713.83",-30.45,-1.11%,"2,753.78","2,713.54","2,761.52",
27-Feb-2018,"2,744.28",-35.32,-1.27%,"2,780.45","2,744.22","2,789.15",
26-Feb-2018,"2,779.60",+32.30,+1.18%,"2,757.37","2,753.78","2,780.64",
23-Feb-2018,"2,747.30",+43.34,+1.60%,"2,715.80","2,713.74","2,747.76",
22-Feb-2018,"2,703.96",+2.63,+0.10%,"2,710.42","2,697.77","2,731.26",
21-Feb-2018,"2,701.33",-14.93,-0.55%,"2,720.53","2,701.29","2,747.75",
20-Feb-2018,"2,716.26",-15.96,-0.58%,"2,722.99","2,706.76","2,737.60",
16-Feb-2018,"2,732.22",+1.02,+0.04%,"2,727.14","2,725.11","2,754.42",
15-Feb-2018,"2,731.20",+32.57,+1.21%,"2,713.46","2,689.82","2,731.51",
14-Feb-2018,"2,698.63",+35.69,+1.34%,"2,651.21","2,648.87","2,702.10",
13-Feb-2018,"2,662.94",+6.94,+0.26%,"2,646.27","2,637.08","2,668.84",
12-Feb-2018,"2,656.00",+36.45,+1.39%,"2,636.75","2,622.45","2,672.61",
09-Feb-2018,"2,619.55",+38.55,+1.49%,"2,601.78","2,532.69","2,638.67",
08-Feb-2018,"2,581.00",-100.66,-3.75%,"2,685.01","2,580.56","2,685.27",
07-Feb-2018,"2,681.66",-13.48,-0.50%,"2,690.95","2,681.33","2,727.67",
06-Feb-2018,"2,695.14",+46.20,+1.74%,"2,614.78","2,593.07","2,701.04",
05-Feb-2018,"2,648.94",-113.19,-4.10%,"2,741.06","2,638.17","2,763.39",
02-Feb-2018,"2,762.13",-59.85,-2.12%,"2,808.92","2,759.97","2,808.92",
01-Feb-2018,"2,821.98",-1.83,-0.06%,"2,816.45","2,812.70","2,835.96",
31-Jan-2018,"2,823.81",+1.38,+0.05%,"2,832.41","2,813.04","2,839.26",
30-Jan-2018,"2,822.43",-31.10,-1.09%,"2,832.74","2,818.27","2,837.75",
29-Jan-2018,"2,853.53",-19.34,-0.67%,"2,867.23","2,851.48","2,870.62",
26-Jan-2018,"2,872.87",+33.62,+1.18%,"2,847.48","2,846.18","2,872.87",
25-Jan-2018,"2,839.25",+1.71,+0.06%,"2,846.24","2,830.94","2,848.56",
24-Jan-2018,"2,837.54",-1.59,-0.06%,"2,845.42","2,824.81","2,852.97",
23-Jan-2018,"2,839.13",+6.16,+0.22%,"2,835.05","2,830.59","2,842.24",
22-Jan-2018,"2,832.97",+22.67,+0.81%,"2,809.16","2,808.12","2,833.03",
19-Jan-2018,"2,810.30",+12.27,+0.44%,"2,802.60","2,798.08","2,810.33",
18-Jan-2018,"2,798.03",-4.53,-0.16%,"2,802.40","2,792.56","2,805.83",
17-Jan-2018,"2,802.56",+26.14,+0.94%,"2,784.99","2,778.38","2,807.04",
16-Jan-2018,"2,776.42",-9.82,-0.35%,"2,798.96","2,768.64","2,807.54",
12-Jan-2018,"2,786.24",+18.68,+0.67%,"2,770.18","2,769.64","2,787.85",
11-Jan-2018,"2,767.56",+19.33,+0.70%,"2,752.97","2,752.78","2,767.56",
10-Jan-2018,"2,748.23",-3.06,-0.11%,"2,745.55","2,736.06","2,750.80",
09-Jan-2018,"2,751.29",+3.58,+0.13%,"2,751.15","2,747.86","2,759.14",
08-Jan-2018,"2,747.71",+4.56,+0.17%,"2,742.67","2,737.60","2,748.51",
05-Jan-2018,"2,743.15",+19.16,+0.70%,"2,731.33","2,727.92","2,743.45",
04-Jan-2018,"2,723.99",+10.93,+0.40%,"2,719.31","2,719.07","2,729.29",
03-Jan-2018,"2,713.06",+17.25,+0.64%,"2,697.85","2,697.77","2,714.37",
02-Jan-2018,"2,695.81",+22.20,+0.83%,"2,683.73","2,682.36","2,695.89",
29-Dec-2017,"2,673.61",-13.93,-0.52%,"2,689.15","2,673.61","2,692.12",
28-Dec-2017,"2,687.54",+4.92,+0.18%,"2,686.10","2,682.69","2,687.66",
27-Dec-2017,"2,682.62",+2.12,+0.08%,"2,682.10","2,678.91","2,685.64",
26-Dec-2017,"2,680.50",-2.84,-0.11%,"2,679.09","2,677.96","2,682.74",
22-Dec-2017,"2,683.34",-1.23,-0.05%,"2,684.22","2,678.13","2,685.35",
21-Dec-2017,"2,684.57",+5.32,+0.20%,"2,683.02","2,682.40","2,692.64",
20-Dec-2017,"2,679.25",-2.22,-0.08%,"2,688.18","2,676.11","2,691.01",
19-Dec-2017,"2,681.47",-8.69,-0.32%,"2,692.71","2,680.74","2,694.44",
18-Dec-2017,"2,690.16",+14.35,+0.54%,"2,685.92","2,685.92","2,694.97",
15-Dec-2017,"2,675.81",+23.80,+0.90%,"2,660.63","2,659.14","2,679.63",
14-Dec-2017,"2,652.01",-10.84,-0.41%,"2,665.87","2,652.01","2,668.09",
13-Dec-2017,"2,662.85",-1.26,-0.05%,"2,667.59","2,662.85","2,671.88",
12-Dec-2017,"2,664.11",+4.12,+0.15%,"2,661.73","2,659.78","2,669.72",
11-Dec-2017,"2,659.99",+8.49,+0.32%,"2,652.19","2,651.47","2,660.33",
08-Dec-2017,"2,651.50",+14.52,+0.55%,"2,646.21","2,644.10","2,651.65",
07-Dec-2017,"2,636.98",+7.71,+0.29%,"2,628.38","2,626.53","2,640.99",
06-Dec-2017,"2,629.27",-0.30,-0.01%,"2,626.24","2,624.75","2,634.41",
05-Dec-2017,"2,629.57",-9.87,-0.37%,"2,639.78","2,627.73","2,648.72",
04-Dec-2017,"2,639.44",-2.78,-0.11%,"2,657.19","2,639.03","2,665.19",
01-Dec-2017,"2,642.22",-5.36,-0.20%,"2,645.10","2,605.52","2,650.62",
30-Nov-2017,"2,647.58",+21.51,+0.82%,"2,633.93","2,633.93","2,657.74",
29-Nov-2017,"2,626.07",-0.97,-0.04%,"2,627.82","2,620.32","2,634.89",
28-Nov-2017,"2,627.04",+25.62,+0.98%,"2,605.94","2,605.44","2,627.69",
27-Nov-2017,"2,601.42",-1.00,-0.04%,"2,602.66","2,598.87","2,606.41",
24-Nov-2017,"2,602.42",+5.34,+0.21%,"2,600.42","2,600.42","2,604.21",
22-Nov-2017,"2,597.08",-1.95,-0.08%,"2,600.31","2,595.23","2,600.94",
21-Nov-2017,"2,599.03",+16.89,+0.65%,"2,589.17","2,589.17","2,601.19",
20-Nov-2017,"2,582.14",+3.29,+0.13%,"2,579.49","2,578.24","2,584.64",
17-Nov-2017,"2,578.85",-6.79,-0.26%,"2,582.94","2,577.62","2,583.96",
16-Nov-2017,"2,585.64",+21.02,+0.82%,"2,572.95","2,572.95","2,590.09",
15-Nov-2017,"2,564.62",-14.25,-0.55%,"2,569.45","2,557.45","2,572.84",
14-Nov-2017,"2,578.87",-5.97,-0.23%,"2,577.75","2,566.56","2,579.66",
13-Nov-2017,"2,584.84",+2.54,+0.10%,"2,576.53","2,574.48","2,587.66",
10-Nov-2017,"2,582.30",-2.32,-0.09%,"2,580.18","2,575.57","2,583.81",
09-Nov-2017,"2,584.62",-9.76,-0.38%,"2,584.00","2,566.33","2,586.50",
08-Nov-2017,"2,594.38",+3.74,+0.14%,"2,588.71","2,585.02","2,595.47",
07-Nov-2017,"2,590.64",-0.49,-0.02%,"2,592.11","2,584.35","2,597.02",
06-Nov-2017,"2,591.13",+3.29,+0.13%,"2,587.47","2,585.66","2,593.38",
03-Nov-2017,"2,587.84",+7.99,+0.31%,"2,581.93","2,576.77","2,588.42",
02-Nov-2017,"2,579.85",+0.49,+0.02%,"2,579.46","2,566.17","2,581.11",
01-Nov-2017,"2,579.36",+4.10,+0.16%,"2,583.21","2,574.92","2,588.40",
31-Oct-2017,"2,575.26",+2.43,+0.09%,"2,575.99","2,572.15","2,578.29",
30-Oct-2017,"2,572.83",-8.24,-0.32%,"2,577.75","2,568.25","2,580.03",
27-Oct-2017,"2,581.07",+20.67,+0.81%,"2,570.26","2,565.94","2,582.98",
26-Oct-2017,"2,560.40",+3.25,+0.13%,"2,560.08","2,559.80","2,567.07",
25-Oct-2017,"2,557.15",-11.98,-0.47%,"2,566.52","2,544.00","2,567.40",
24-Oct-2017,"2,569.13",+4.15,+0.16%,"2,568.66","2,565.58","2,572.18",
23-Oct-2017,"2,564.98",-10.23,-0.40%,"2,578.08","2,564.33","2,578.29",
20-Oct-2017,"2,575.21",+13.11,+0.51%,"2,567.56","2,567.56","2,575.44",
19-Oct-2017,"2,562.10",+0.84,+0.03%,"2,553.39","2,547.92","2,562.36",
18-Oct-2017,"2,561.26",+1.90,+0.07%,"2,562.87","2,559.67","2,564.11",
17-Oct-2017,"2,559.36",+1.72,+0.07%,"2,557.17","2,554.69","2,559.71",
16-Oct-2017,"2,557.64",+4.47,+0.18%,"2,555.57","2,552.64","2,559.47",
13-Oct-2017,"2,553.17",+2.24,+0.09%,"2,555.66","2,552.09","2,557.65",
12-Oct-2017,"2,550.93",-4.31,-0.17%,"2,552.88","2,548.31","2,555.33",
11-Oct-2017,"2,555.24",+4.60,+0.18%,"2,550.62","2,547.95","2,555.24",
10-Oct-2017,"2,550.64",+5.91,+0.23%,"2,549.99","2,544.86","2,555.23",
09-Oct-2017,"2,544.73",-4.60,-0.18%,"2,551.39","2,541.60","2,551.82",
06-Oct-2017,"2,549.33",-2.74,-0.11%,"2,547.44","2,543.79","2,549.41",
05-Oct-2017,"2,552.07",+14.33,+0.56%,"2,540.86","2,540.02","2,552.51",
04-Oct-2017,"2,537.74",+3.16,+0.12%,"2,533.48","2,531.80","2,540.53",
03-Oct-2017,"2,534.58",+5.46,+0.22%,"2,530.34","2,528.85","2,535.13",
02-Oct-2017,"2,529.12",+9.76,+0.39%,"2,521.20","2,520.40","2,529.23",
29-Sep-2017,"2,519.36",+9.30,+0.37%,"2,509.96","2,507.99","2,519.44",
28-Sep-2017,"2,510.06",+3.02,+0.12%,"2,503.41","2,502.93","2,510.81",
27-Sep-2017,"2,507.04",+10.20,+0.41%,"2,503.30","2,495.91","2,511.75",
26-Sep-2017,"2,496.84",+0.18,+0.01%,"2,501.04","2,495.12","2,503.51",
25-Sep-2017,"2,496.66",-5.56,-0.22%,"2,499.39","2,488.03","2,502.54",
22-Sep-2017,"2,502.22",+1.62,+0.06%,"2,497.26","2,496.54","2,503.47",
21-Sep-2017,"2,500.60",-7.64,-0.30%,"2,507.16","2,499.00","2,507.16",
20-Sep-2017,"2,508.24",+1.59,+0.06%,"2,506.84","2,496.67","2,508.85",
19-Sep-2017,"2,506.65",+2.78,+0.11%,"2,506.29","2,503.19","2,507.84",
18-Sep-2017,"2,503.87",+3.64,+0.15%,"2,502.51","2,499.92","2,508.32",
15-Sep-2017,"2,500.23",+4.61,+0.18%,"2,495.67","2,493.16","2,500.23",
14-Sep-2017,"2,495.62",-2.75,-0.11%,"2,494.56","2,491.35","2,498.43",
13-Sep-2017,"2,498.37",+1.89,+0.08%,"2,493.89","2,492.14","2,498.37",
12-Sep-2017,"2,496.48",+8.37,+0.34%,"2,491.94","2,490.37","2,496.77",
11-Sep-2017,"2,488.11",+26.68,+1.08%,"2,474.52","2,474.52","2,488.95",
08-Sep-2017,"2,461.43",-3.67,-0.15%,"2,462.25","2,459.40","2,467.11",
07-Sep-2017,"2,465.10",-0.44,-0.02%,"2,468.06","2,460.29","2,468.62",
06-Sep-2017,"2,465.54",+7.69,+0.31%,"2,463.83","2,459.20","2,469.64",
05-Sep-2017,"2,457.85",-18.70,-0.76%,"2,470.35","2,446.55","2,471.97",
01-Sep-2017,"2,476.55",+4.90,+0.20%,"2,474.42","2,473.85","2,480.38",
31-Aug-2017,"2,471.65",+14.06,+0.57%,"2,462.65","2,462.65","2,475.01",
30-Aug-2017,"2,457.59",+11.29,+0.46%,"2,446.06","2,443.77","2,460.31",
29-Aug-2017,"2,446.30",+2.06,+0.08%,"2,431.94","2,428.20","2,449.19",
28-Aug-2017,"2,444.24",+1.19,+0.05%,"2,447.35","2,439.03","2,449.12",
25-Aug-2017,"2,443.05",+4.08,+0.17%,"2,444.72","2,442.22","2,453.96",
24-Aug-2017,"2,438.97",-5.07,-0.21%,"2,447.91","2,436.19","2,450.39",
23-Aug-2017,"2,444.04",-8.47,-0.35%,"2,444.88","2,441.42","2,448.91",
22-Aug-2017,"2,452.51",+24.14,+0.99%,"2,433.75","2,433.67","2,454.77",
21-Aug-2017,"2,428.37",+2.82,+0.12%,"2,425.50","2,417.35","2,430.58",
18-Aug-2017,"2,425.55",-4.46,-0.18%,"2,427.64","2,420.69","2,440.27",
17-Aug-2017,"2,430.01",-38.10,-1.54%,"2,462.95","2,430.01","2,465.02",
16-Aug-2017,"2,468.11",+3.50,+0.14%,"2,468.63","2,463.86","2,474.93",
15-Aug-2017,"2,464.61",-1.23,-0.05%,"2,468.66","2,461.61","2,468.90",
14-Aug-2017,"2,465.84",+24.52,+1.00%,"2,454.96","2,454.96","2,468.22",
11-Aug-2017,"2,441.32",+3.11,+0.13%,"2,441.04","2,437.85","2,448.09",
10-Aug-2017,"2,438.21",-35.81,-1.45%,"2,465.38","2,437.75","2,465.38",
09-Aug-2017,"2,474.02",-0.90,-0.04%,"2,465.35","2,462.08","2,474.41",
08-Aug-2017,"2,474.92",-5.99,-0.24%,"2,478.35","2,470.32","2,490.87",
07-Aug-2017,"2,480.91",+4.08,+0.16%,"2,477.14","2,475.88","2,480.95",
04-Aug-2017,"2,476.83",+4.67,+0.19%,"2,476.88","2,472.08","2,480.00",
03-Aug-2017,"2,472.16",-5.41,-0.22%,"2,476.03","2,468.85","2,476.03",
02-Aug-2017,"2,477.57",+1.22,+0.05%,"2,480.38","2,466.48","2,480.38",
01-Aug-2017,"2,476.35",+6.05,+0.24%,"2,477.10","2,471.14","2,478.51",
31-Jul-2017,"2,470.30",-1.80,-0.07%,"2,475.94","2,468.53","2,477.96",
28-Jul-2017,"2,472.10",-3.32,-0.13%,"2,469.12","2,464.66","2,473.53",
27-Jul-2017,"2,475.42",-2.41,-0.10%,"2,482.76","2,459.93","2,484.04",
26-Jul-2017,"2,477.83",+0.70,+0.03%,"2,479.97","2,474.94","2,481.69",
25-Jul-2017,"2,477.13",+7.22,+0.29%,"2,477.88","2,474.91","2,481.24",
24-Jul-2017,"2,469.91",-2.63,-0.11%,"2,472.04","2,466.32","2,473.10",
21-Jul-2017,"2,472.54",-0.91,-0.04%,"2,467.40","2,465.06","2,472.54",
20-Jul-2017,"2,473.45",-0.38,-0.02%,"2,475.56","2,468.43","2,477.62",
19-Jul-2017,"2,473.83",+13.22,+0.54%,"2,463.85","2,463.85","2,473.83",
18-Jul-2017,"2,460.61",+1.47,+0.06%,"2,455.88","2,450.34","2,460.92",
17-Jul-2017,"2,459.14",-0.13,-0.01%,"2,459.50","2,457.16","2,462.82",
14-Jul-2017,"2,459.27",+11.44,+0.47%,"2,449.16","2,446.69","2,463.54",
13-Jul-2017,"2,447.83",+4.58,+0.19%,"2,444.99","2,441.69","2,449.32",
12-Jul-2017,"2,443.25",+17.72,+0.73%,"2,435.75","2,435.75","2,445.76",
11-Jul-2017,"2,425.53",-1.90,-0.08%,"2,427.35","2,412.79","2,429.30",
10-Jul-2017,"2,427.43",+2.25,+0.09%,"2,424.51","2,422.27","2,432.00",
07-Jul-2017,"2,425.18",+15.43,+0.64%,"2,413.52","2,413.52","2,426.92",
06-Jul-2017,"2,409.75",-22.79,-0.94%,"2,423.44","2,407.70","2,424.28",
05-Jul-2017,"2,432.54",+3.53,+0.15%,"2,430.78","2,422.05","2,434.90",
03-Jul-2017,"2,429.01",+5.60,+0.23%,"2,431.39","2,428.69","2,439.17",
30-Jun-2017,"2,423.41",+3.71,+0.15%,"2,429.20","2,421.65","2,432.71",
29-Jun-2017,"2,419.70",-20.99,-0.86%,"2,442.38","2,405.70","2,442.73",
28-Jun-2017,"2,440.69",+21.31,+0.88%,"2,428.70","2,428.02","2,442.97",
27-Jun-2017,"2,419.38",-19.69,-0.81%,"2,436.34","2,419.38","2,440.15",
26-Jun-2017,"2,439.07",+0.77,+0.03%,"2,443.32","2,437.03","2,450.42",
23-Jun-2017,"2,438.30",+3.80,+0.16%,"2,434.65","2,431.11","2,441.40",
22-Jun-2017,"2,434.50",-1.11,-0.05%,"2,437.40","2,433.27","2,441.62",
21-Jun-2017,"2,435.61",-1.42,-0.06%,"2,439.31","2,430.74","2,442.23",
20-Jun-2017,"2,437.03",-16.43,-0.67%,"2,450.66","2,436.60","2,450.66",
19-Jun-2017,"2,453.46",+20.31,+0.83%,"2,442.55","2,441.79","2,453.82",
16-Jun-2017,"2,433.15",+0.69,+0.03%,"2,431.24","2,422.88","2,433.15",
15-Jun-2017,"2,432.46",-5.46,-0.22%,"2,424.14","2,418.53","2,433.95",
14-Jun-2017,"2,437.92",-2.43,-0.10%,"2,443.75","2,428.34","2,443.75",
13-Jun-2017,"2,440.35",+10.96,+0.45%,"2,434.15","2,431.28","2,441.49",
12-Jun-2017,"2,429.39",-2.38,-0.10%,"2,425.88","2,419.97","2,430.38",
09-Jun-2017,"2,431.77",-2.02,-0.08%,"2,436.39","2,415.70","2,446.20",
08-Jun-2017,"2,433.79",+0.65,+0.03%,"2,434.27","2,427.94","2,439.27",
07-Jun-2017,"2,433.14",+3.81,+0.16%,"2,432.03","2,424.75","2,435.28",
06-Jun-2017,"2,429.33",-6.77,-0.28%,"2,431.92","2,428.12","2,436.21",
05-Jun-2017,"2,436.10",-2.97,-0.12%,"2,437.83","2,434.32","2,439.55",
02-Jun-2017,"2,439.07",+9.01,+0.37%,"2,431.28","2,427.71","2,440.23",
01-Jun-2017,"2,430.06",+18.26,+0.76%,"2,415.65","2,413.54","2,430.06",
31-May-2017,"2,411.80",-1.11,-0.05%,"2,415.63","2,403.59","2,415.99",
30-May-2017,"2,412.91",-2.91,-0.12%,"2,411.67","2,409.43","2,415.26",
26-May-2017,"2,415.82",+0.75,+0.03%,"2,414.50","2,412.20","2,416.68",
25-May-2017,"2,415.07",+10.68,+0.44%,"2,409.54","2,408.01","2,418.71",
24-May-2017,"2,404.39",+5.97,+0.25%,"2,401.41","2,397.99","2,405.58",
23-May-2017,"2,398.42",+4.40,+0.18%,"2,397.04","2,393.88","2,400.85",
22-May-2017,"2,394.02",+12.29,+0.52%,"2,387.21","2,386.92","2,395.46",
19-May-2017,"2,381.73",+16.01,+0.68%,"2,371.37","2,370.43","2,389.06",
18-May-2017,"2,365.72",+8.69,+0.37%,"2,354.69","2,352.72","2,375.74",
17-May-2017,"2,357.03",-43.64,-1.82%,"2,382.95","2,356.21","2,384.87",
16-May-2017,"2,400.67",-1.65,-0.07%,"2,404.55","2,396.05","2,405.77",
15-May-2017,"2,402.32",+11.42,+0.48%,"2,393.98","2,393.94","2,404.05",
12-May-2017,"2,390.90",-3.54,-0.15%,"2,392.44","2,387.19","2,392.44",
11-May-2017,"2,394.44",-5.19,-0.22%,"2,394.84","2,381.74","2,395.72",
10-May-2017,"2,399.63",+2.71,+0.11%,"2,396.79","2,392.79","2,399.74",
09-May-2017,"2,396.92",-2.46,-0.10%,"2,401.58","2,392.44","2,403.87",
08-May-2017,"2,399.38",+0.09,+0.00%,"2,399.94","2,393.92","2,401.36",
05-May-2017,"2,399.29",+9.77,+0.41%,"2,392.37","2,389.38","2,399.29",
04-May-2017,"2,389.52",+1.39,+0.06%,"2,389.79","2,380.35","2,391.43",
03-May-2017,"2,388.13",-3.04,-0.13%,"2,386.50","2,379.75","2,389.82",
02-May-2017,"2,391.17",+2.84,+0.12%,"2,391.05","2,385.82","2,392.93",
01-May-2017,"2,388.33",+4.13,+0.17%,"2,388.50","2,384.83","2,394.49",
28-Apr-2017,"2,384.20",-4.57,-0.19%,"2,393.68","2,382.36","2,393.68",
27-Apr-2017,"2,388.77",+1.32,+0.06%,"2,389.70","2,382.68","2,392.10",
26-Apr-2017,"2,387.45",-1.16,-0.05%,"2,388.98","2,386.76","2,398.16",
25-Apr-2017,"2,388.61",+14.46,+0.61%,"2,381.51","2,381.15","2,392.48",
24-Apr-2017,"2,374.15",+25.46,+1.08%,"2,370.33","2,369.19","2,376.98",
21-Apr-2017,"2,348.69",-7.15,-0.30%,"2,354.74","2,344.51","2,356.18",
20-Apr-2017,"2,355.84",+17.67,+0.76%,"2,342.69","2,340.91","2,361.37",
19-Apr-2017,"2,338.17",-4.02,-0.17%,"2,346.79","2,335.05","2,352.63",
18-Apr-2017,"2,342.19",-6.82,-0.29%,"2,342.53","2,334.54","2,348.35",
17-Apr-2017,"2,349.01",+20.06,+0.86%,"2,332.62","2,332.51","2,349.14",
13-Apr-2017,"2,328.95",-15.98,-0.68%,"2,341.98","2,328.95","2,348.26",
12-Apr-2017,"2,344.93",-8.85,-0.38%,"2,352.15","2,341.18","2,352.72",
11-Apr-2017,"2,353.78",-3.38,-0.14%,"2,353.92","2,337.25","2,355.22",
10-Apr-2017,"2,357.16",+1.62,+0.07%,"2,357.16","2,351.50","2,366.37",
07-Apr-2017,"2,355.54",-1.95,-0.08%,"2,356.59","2,350.74","2,363.76",
06-Apr-2017,"2,357.49",+4.54,+0.19%,"2,353.79","2,348.90","2,364.16",
05-Apr-2017,"2,352.95",-7.21,-0.31%,"2,366.59","2,350.52","2,378.36",
04-Apr-2017,"2,360.16",+1.32,+0.06%,"2,354.76","2,350.72","2,360.53",
03-Apr-2017,"2,358.84",-3.88,-0.16%,"2,362.34","2,344.73","2,365.87",
31-Mar-2017,"2,362.72",-5.34,-0.23%,"2,364.82","2,362.60","2,370.35",
30-Mar-2017,"2,368.06",+6.93,+0.29%,"2,361.31","2,358.58","2,370.42",
29-Mar-2017,"2,361.13",+2.56,+0.11%,"2,356.54","2,352.94","2,363.36",
28-Mar-2017,"2,358.57",+16.98,+0.73%,"2,339.79","2,337.63","2,363.78",
27-Mar-2017,"2,341.59",-2.39,-0.10%,"2,329.11","2,322.25","2,344.90",
24-Mar-2017,"2,343.98",-1.98,-0.08%,"2,350.42","2,335.74","2,356.22",
23-Mar-2017,"2,345.96",-2.49,-0.11%,"2,345.97","2,342.13","2,358.92",
22-Mar-2017,"2,348.45",+4.43,+0.19%,"2,343.00","2,336.45","2,351.81",
21-Mar-2017,"2,344.02",-29.45,-1.24%,"2,379.32","2,341.90","2,381.93",
20-Mar-2017,"2,373.47",-4.78,-0.20%,"2,378.24","2,369.66","2,379.55",
17-Mar-2017,"2,378.25",-3.13,-0.13%,"2,383.71","2,377.64","2,385.71",
16-Mar-2017,"2,381.38",-3.88,-0.16%,"2,387.71","2,377.18","2,388.10",
15-Mar-2017,"2,385.26",+19.81,+0.84%,"2,370.34","2,368.94","2,390.01",
14-Mar-2017,"2,365.45",-8.02,-0.34%,"2,368.55","2,358.18","2,368.55",
13-Mar-2017,"2,373.47",+0.87,+0.04%,"2,371.56","2,368.52","2,374.42",
10-Mar-2017,"2,372.60",+7.73,+0.33%,"2,372.52","2,363.04","2,376.86",
09-Mar-2017,"2,364.87",+1.89,+0.08%,"2,363.49","2,354.54","2,369.08",
08-Mar-2017,"2,362.98",-5.41,-0.23%,"2,369.81","2,361.01","2,373.09",
07-Mar-2017,"2,368.39",-6.92,-0.29%,"2,370.74","2,365.51","2,375.12",
06-Mar-2017,"2,375.31",-7.81,-0.33%,"2,375.23","2,367.98","2,378.80",
03-Mar-2017,"2,383.12",+1.20,+0.05%,"2,380.92","2,375.39","2,383.89",
02-Mar-2017,"2,381.92",-14.04,-0.59%,"2,394.75","2,380.17","2,394.75",
01-Mar-2017,"2,395.96",+32.32,+1.37%,"2,380.13","2,380.13","2,400.98",
28-Feb-2017,"2,363.64",-6.11,-0.26%,"2,366.08","2,358.96","2,367.79",
27-Feb-2017,"2,369.75",+2.41,+0.10%,"2,365.23","2,361.87","2,371.54",
24-Feb-2017,"2,367.34",+3.53,+0.15%,"2,355.73","2,352.87","2,367.34",
23-Feb-2017,"2,363.81",+0.99,+0.04%,"2,367.50","2,355.09","2,368.26",
22-Feb-2017,"2,362.82",-2.56,-0.11%,"2,361.11","2,358.34","2,365.13",
21-Feb-2017,"2,365.38",+14.22,+0.60%,"2,354.91","2,354.91","2,366.71",
17-Feb-2017,"2,351.16",+3.94,+0.17%,"2,343.01","2,339.58","2,351.16",
16-Feb-2017,"2,347.22",-2.03,-0.09%,"2,349.64","2,338.87","2,351.31",
15-Feb-2017,"2,349.25",+11.67,+0.50%,"2,335.58","2,334.81","2,351.30",
14-Feb-2017,"2,337.58",+9.33,+0.40%,"2,326.12","2,322.17","2,337.58",
13-Feb-2017,"2,328.25",+12.15,+0.52%,"2,321.72","2,321.42","2,331.58",
10-Feb-2017,"2,316.10",+8.23,+0.36%,"2,312.27","2,311.10","2,319.23",
09-Feb-2017,"2,307.87",+13.20,+0.58%,"2,296.70","2,296.61","2,311.08",
08-Feb-2017,"2,294.67",+1.59,+0.07%,"2,289.55","2,285.38","2,295.91",
07-Feb-2017,"2,293.08",+0.52,+0.02%,"2,295.87","2,290.16","2,299.40",
06-Feb-2017,"2,292.56",-4.86,-0.21%,"2,294.28","2,288.57","2,296.18",
03-Feb-2017,"2,297.42",+16.57,+0.73%,"2,288.54","2,287.88","2,298.31",
02-Feb-2017,"2,280.85",+1.30,+0.06%,"2,276.69","2,271.65","2,283.97",
01-Feb-2017,"2,279.55",+0.68,+0.03%,"2,285.59","2,272.44","2,289.14",
31-Jan-2017,"2,278.87",-2.03,-0.09%,"2,274.02","2,267.21","2,279.09",
30-Jan-2017,"2,280.90",-13.79,-0.60%,"2,286.01","2,268.04","2,286.01",
27-Jan-2017,"2,294.69",-1.99,-0.09%,"2,299.02","2,291.62","2,299.02",
26-Jan-2017,"2,296.68",-1.69,-0.07%,"2,298.63","2,294.08","2,300.99",
25-Jan-2017,"2,298.37",+18.30,+0.80%,"2,288.88","2,288.88","2,299.55",
24-Jan-2017,"2,280.07",+14.87,+0.66%,"2,267.88","2,266.68","2,284.63",
23-Jan-2017,"2,265.20",-6.11,-0.27%,"2,267.78","2,257.02","2,271.78",
20-Jan-2017,"2,271.31",+7.62,+0.34%,"2,269.96","2,265.01","2,276.96",
19-Jan-2017,"2,263.69",-8.20,-0.36%,"2,271.90","2,258.41","2,274.33",
18-Jan-2017,"2,271.89",+4.00,+0.18%,"2,269.14","2,263.35","2,272.01",
17-Jan-2017,"2,267.89",-6.75,-0.30%,"2,269.14","2,262.81","2,272.08",
13-Jan-2017,"2,274.64",+4.20,+0.18%,"2,272.74","2,271.51","2,278.68",
12-Jan-2017,"2,270.44",-4.88,-0.21%,"2,271.14","2,254.25","2,271.78",
11-Jan-2017,"2,275.32",+6.42,+0.28%,"2,268.60","2,260.83","2,275.32",
10-Jan-2017,"2,268.90",0.00,0.00%,"2,269.72","2,265.27","2,279.27",
09-Jan-2017,"2,268.90",-8.08,-0.35%,"2,273.59","2,268.90","2,275.49",
06-Jan-2017,"2,276.98",+7.98,+0.35%,"2,271.14","2,264.06","2,282.10",
05-Jan-2017,"2,269.00",-1.75,-0.08%,"2,268.18","2,260.45","2,271.50",
04-Jan-2017,"2,270.75",+12.92,+0.57%,"2,261.60","2,261.60","2,272.82",
03-Jan-2017,"2,257.83",+19.00,+0.85%,"2,251.57","2,245.13","2,263.88",
30-Dec-2016,"2,238.83",-10.43,-0.46%,"2,251.61","2,233.62","2,253.58",
29-Dec-2016,"2,249.26",-0.66,-0.03%,"2,249.50","2,244.56","2,254.51",
28-Dec-2016,"2,249.92",-18.96,-0.84%,"2,270.23","2,249.11","2,271.31",
27-Dec-2016,"2,268.88",+5.09,+0.22%,"2,266.23","2,266.15","2,273.82",
23-Dec-2016,"2,263.79",+2.83,+0.13%,"2,260.25","2,258.84","2,263.79",
22-Dec-2016,"2,260.96",-4.22,-0.19%,"2,262.93","2,256.08","2,263.18",
21-Dec-2016,"2,265.18",-5.58,-0.25%,"2,270.54","2,265.15","2,271.23",
20-Dec-2016,"2,270.76",+8.23,+0.36%,"2,266.50","2,266.14","2,272.56",
19-Dec-2016,"2,262.53",+4.46,+0.20%,"2,259.24","2,258.21","2,267.47",
16-Dec-2016,"2,258.07",-3.96,-0.18%,"2,266.81","2,254.24","2,268.05",
15-Dec-2016,"2,262.03",+8.75,+0.39%,"2,253.77","2,253.77","2,272.12",
14-Dec-2016,"2,253.28",-18.44,-0.81%,"2,268.35","2,248.44","2,276.20",
13-Dec-2016,"2,271.72",+14.76,+0.65%,"2,263.32","2,263.32","2,277.53",
12-Dec-2016,"2,256.96",-2.57,-0.11%,"2,258.83","2,252.37","2,264.03",
09-Dec-2016,"2,259.53",+13.34,+0.59%,"2,249.73","2,249.23","2,259.80",
08-Dec-2016,"2,246.19",+4.84,+0.22%,"2,241.13","2,237.57","2,251.69",
07-Dec-2016,"2,241.35",+29.12,+1.32%,"2,210.72","2,208.93","2,241.63",
06-Dec-2016,"2,212.23",+7.52,+0.34%,"2,207.26","2,202.21","2,212.78",
05-Dec-2016,"2,204.71",+12.76,+0.58%,"2,200.65","2,199.97","2,209.42",
02-Dec-2016,"2,191.95",+0.87,+0.04%,"2,191.12","2,188.37","2,197.95",
01-Dec-2016,"2,191.08",-7.73,-0.35%,"2,200.17","2,187.44","2,202.60",
30-Nov-2016,"2,198.81",-5.85,-0.27%,"2,204.97","2,198.81","2,214.10",
29-Nov-2016,"2,204.66",+2.94,+0.13%,"2,200.76","2,198.15","2,210.46",
28-Nov-2016,"2,201.72",-11.63,-0.53%,"2,210.21","2,200.36","2,211.14",
25-Nov-2016,"2,213.35",+8.63,+0.39%,"2,206.27","2,206.27","2,213.35",
23-Nov-2016,"2,204.72",+1.78,+0.08%,"2,198.55","2,194.51","2,204.72",
22-Nov-2016,"2,202.94",+4.76,+0.22%,"2,201.56","2,194.51","2,204.80",
21-Nov-2016,"2,198.18",+16.28,+0.75%,"2,186.43","2,186.43","2,198.70",
18-Nov-2016,"2,181.90",-5.22,-0.24%,"2,186.85","2,180.38","2,189.89",
17-Nov-2016,"2,187.12",+10.18,+0.47%,"2,178.61","2,176.65","2,188.06",
16-Nov-2016,"2,176.94",,,"2,177.53","2,172.20","2,179.22",
